[2026-03-12T00:53:53.198Z] [INFO] [system] Pipeline 'HCFullPipeline' v4.0.0 loaded
[2026-03-12T00:54:21.672Z] [INFO] [system] Pipeline 'HCFullPipeline' v4.0.0 loaded
[2026-03-21T18:09:02.181Z] [INFO] [system] Pipeline 'HCFullPipeline' v8.0.0 loaded
[2026-06-01T16:29:10.641Z] [INFO] [system] Pipeline run run_1780331350640_9c3a77 started
[2026-06-01T16:29:10.641Z] [INFO] [channel-entry] Stage 'Channel Entry' started
[2026-06-01T16:29:10.641Z] [INFO] [channel-entry] Task 'sync_cross_device_context' served from cache
[2026-06-01T16:29:10.641Z] [INFO] [channel-entry] Task 'determine_launch_mode' served from cache
[2026-06-01T16:29:10.641Z] [INFO] [channel-entry] Task 'scan_3d_persistent_vector_storage' served from cache
[2026-06-01T16:29:10.641Z] [INFO] [channel-entry] Task 'resolve_channel_and_identity' served from cache
[2026-06-01T16:29:10.641Z] [INFO] [channel-entry] Task 'route_to_pipeline_branch' served from cache
[2026-06-01T16:29:10.641Z] [INFO] [channel-entry] Stage 'Channel Entry' completed
[2026-06-01T16:29:10.641Z] [INFO] [recon] Stage 'Reconnaissance & Deep Scan' started
[2026-06-01T16:29:10.641Z] [INFO] [recon] Task 'scan_codebase_state' served from cache
[2026-06-01T16:29:10.641Z] [INFO] [recon] Task 'scan_config_drift' served from cache
[2026-06-01T16:29:10.641Z] [INFO] [recon] Task 'scan_service_health_matrix' served from cache
[2026-06-01T16:29:10.641Z] [INFO] [recon] Task 'scan_attack_surface' served from cache
[2026-06-01T16:29:10.641Z] [INFO] [recon] Task 'scan_dependency_freshness' served from cache
[2026-06-01T16:29:10.641Z] [INFO] [recon] Task 'scan_vector_memory_density' served from cache
[2026-06-01T16:29:10.641Z] [INFO] [recon] Task 'scan_resource_utilization' served from cache
[2026-06-01T16:29:10.641Z] [INFO] [recon] Task 'scan_cost_trajectory' served from cache
[2026-06-01T16:29:10.642Z] [INFO] [recon] Task 'build_environment_map' served from cache
[2026-06-01T16:29:10.642Z] [INFO] [recon] Stage 'Reconnaissance & Deep Scan' completed
[2026-06-01T16:29:10.643Z] [INFO] [recon] Checkpoint cp_recon_1780331350642 saved
[2026-06-01T16:29:10.643Z] [INFO] [intake] Stage 'Intake' started
[2026-06-01T16:29:10.828Z] [INFO] [intake] Stage 'Intake' completed
[2026-06-01T16:29:10.829Z] [INFO] [intake] Checkpoint cp_intake_1780331350828 saved
[2026-06-01T16:29:10.829Z] [INFO] [classify] Stage 'Classify' started
[2026-06-01T16:29:10.832Z] [INFO] [classify] Stage 'Classify' completed
[2026-06-01T16:29:10.832Z] [INFO] [triage] Stage 'Triage' started
[2026-06-01T16:29:10.836Z] [INFO] [triage] Stage 'Triage' completed
[2026-06-01T16:29:10.836Z] [INFO] [decompose] Stage 'Decompose' started
[2026-06-01T16:29:10.839Z] [INFO] [decompose] Stage 'Decompose' completed
[2026-06-01T16:29:10.839Z] [INFO] [decompose] Checkpoint cp_decompose_1780331350839 saved
[2026-06-01T16:29:10.839Z] [INFO] [trial-and-error] Stage 'Trial & Error Sandbox' started
[2026-06-01T16:29:10.843Z] [INFO] [trial-and-error] Stage 'Trial & Error Sandbox' completed
[2026-06-01T16:29:10.844Z] [INFO] [trial-and-error] Checkpoint cp_trial-and-error_1780331350843 saved
[2026-06-01T16:29:10.844Z] [INFO] [orchestrate] Stage 'Orchestrate' started
[2026-06-01T16:29:10.847Z] [INFO] [orchestrate] Stage 'Orchestrate' completed
[2026-06-01T16:29:10.847Z] [INFO] [orchestrate] Checkpoint cp_orchestrate_1780331350847 saved
[2026-06-01T16:29:10.847Z] [INFO] [monte-carlo] Stage 'Monte Carlo' started
[2026-06-01T16:29:10.849Z] [INFO] [monte-carlo] Stage 'Monte Carlo' completed
[2026-06-01T16:29:10.850Z] [INFO] [monte-carlo] Checkpoint cp_monte-carlo_1780331350849 saved
[2026-06-01T16:29:10.850Z] [INFO] [arena] Stage 'Arena' started
[2026-06-01T16:29:10.850Z] [INFO] [arena] Task 'generate_candidate_solutions' served from cache
[2026-06-01T16:29:10.851Z] [INFO] [arena] Stage 'Arena' completed
[2026-06-01T16:29:10.853Z] [INFO] [arena] Checkpoint cp_arena_1780331350851 saved
[2026-06-01T16:29:10.853Z] [INFO] [judge] Stage 'Judge' started
[2026-06-01T16:29:10.855Z] [INFO] [judge] Stage 'Judge' completed
[2026-06-01T16:29:10.855Z] [INFO] [judge] Checkpoint cp_judge_1780331350855 saved
[2026-06-01T16:29:10.855Z] [INFO] [approve] Stage 'Approve' started
[2026-06-01T16:29:10.857Z] [INFO] [approve] Stage 'Approve' completed
[2026-06-01T16:29:10.857Z] [INFO] [approve] Checkpoint cp_approve_1780331350857 saved
[2026-06-01T16:29:10.857Z] [INFO] [execute] Stage 'Execute' started
[2026-06-01T16:29:10.860Z] [INFO] [execute] Stage 'Execute' completed
[2026-06-01T16:29:10.860Z] [INFO] [execute] Checkpoint cp_execute_1780331350860 saved
[2026-06-01T16:29:10.860Z] [INFO] [verify] Stage 'Verify' started
[2026-06-01T16:29:10.865Z] [INFO] [verify] Stage 'Verify' completed
[2026-06-01T16:29:10.865Z] [INFO] [verify] Checkpoint cp_verify_1780331350865 saved
[2026-06-01T16:29:10.865Z] [INFO] [self-awareness] Stage 'Self-Awareness Assessment' started
[2026-06-01T16:29:10.871Z] [INFO] [self-awareness] Stage 'Self-Awareness Assessment' completed
[2026-06-01T16:29:10.872Z] [INFO] [self-awareness] Checkpoint cp_self-awareness_1780331350871 saved
[2026-06-01T16:29:10.872Z] [INFO] [self-critique] Stage 'Self-Critique' started
[2026-06-01T16:29:10.879Z] [INFO] [self-critique] Stage 'Self-Critique' completed
[2026-06-01T16:29:10.879Z] [INFO] [self-critique] Checkpoint cp_self-critique_1780331350879 saved
[2026-06-01T16:29:10.879Z] [INFO] [mistake-analysis] Stage 'Mistake Analysis & Prevention' started
[2026-06-01T16:29:10.886Z] [INFO] [mistake-analysis] Stage 'Mistake Analysis & Prevention' completed
[2026-06-01T16:29:10.887Z] [INFO] [mistake-analysis] Checkpoint cp_mistake-analysis_1780331350886 saved
[2026-06-01T16:29:10.887Z] [INFO] [optimization-ops] Stage 'Optimization Ops Scanning' started
[2026-06-01T16:29:10.900Z] [INFO] [optimization-ops] Stage 'Optimization Ops Scanning' completed
[2026-06-01T16:29:10.900Z] [INFO] [optimization-ops] Checkpoint cp_optimization-ops_1780331350900 saved
[2026-06-01T16:29:10.900Z] [INFO] [continuous-search] Stage 'Continuous Search & Discovery' started
[2026-06-01T16:29:10.906Z] [INFO] [continuous-search] Stage 'Continuous Search & Discovery' completed
[2026-06-01T16:29:10.907Z] [INFO] [continuous-search] Checkpoint cp_continuous-search_1780331350906 saved
[2026-06-01T16:29:10.907Z] [INFO] [evolution] Stage 'Evolution & Mutation' started
[2026-06-01T16:29:10.913Z] [INFO] [evolution] Stage 'Evolution & Mutation' completed
[2026-06-01T16:29:10.913Z] [INFO] [evolution] Checkpoint cp_evolution_1780331350913 saved
[2026-06-01T16:29:10.913Z] [INFO] [receipt] Stage 'Receipt' started
[2026-06-01T16:29:10.930Z] [INFO] [receipt] Stage 'Receipt' completed
[2026-06-01T16:29:10.931Z] [INFO] [receipt] Checkpoint cp_receipt_1780331350930 saved
[2026-06-01T16:29:10.931Z] [INFO] [distiller] Stage 'Distiller' started
[2026-06-01T16:29:10.938Z] [INFO] [distiller] Stage 'Distiller' completed
[2026-06-01T16:29:10.938Z] [INFO] [distiller] Checkpoint cp_distiller_1780331350938 saved
[2026-06-01T16:29:10.938Z] [INFO] [distiller] Pipeline run run_1780331350640_9c3a77 finished: completed
[2026-06-01T16:29:10.966Z] [INFO] [system] Pipeline run run_1780331350965_86e356 started
[2026-06-01T16:29:10.966Z] [INFO] [channel-entry] Stage 'Channel Entry' started
[2026-06-01T16:29:10.966Z] [INFO] [channel-entry] Task 'sync_cross_device_context' served from cache
[2026-06-01T16:29:10.966Z] [INFO] [channel-entry] Task 'scan_3d_persistent_vector_storage' served from cache
[2026-06-01T16:29:10.968Z] [INFO] [channel-entry] Stage 'Channel Entry' completed
[2026-06-01T16:29:10.968Z] [INFO] [recon] Stage 'Reconnaissance & Deep Scan' started
[2026-06-01T16:29:10.973Z] [INFO] [recon] Stage 'Reconnaissance & Deep Scan' completed
[2026-06-01T16:29:10.974Z] [INFO] [recon] Checkpoint cp_recon_1780331350974 saved
[2026-06-01T16:29:10.974Z] [INFO] [intake] Stage 'Intake' started
[2026-06-01T16:29:10.974Z] [INFO] [intake] Task 'ingest_news_feeds' served from cache
[2026-06-01T16:29:10.974Z] [INFO] [intake] Task 'ingest_repo_changes' served from cache
[2026-06-01T16:29:10.974Z] [INFO] [intake] Task 'ingest_external_apis' served from cache
[2026-06-01T16:29:10.974Z] [INFO] [intake] Task 'ingest_health_metrics' served from cache
[2026-06-01T16:29:10.974Z] [INFO] [intake] Task 'ingest_channel_events' served from cache
[2026-06-01T16:29:10.974Z] [INFO] [intake] Task 'ingest_connection_health' served from cache
[2026-06-01T16:29:10.974Z] [INFO] [intake] Task 'ingest_system_state' served from cache
[2026-06-01T16:29:10.974Z] [INFO] [intake] Task 'ingest_resource_usage' served from cache
[2026-06-01T16:29:10.974Z] [INFO] [intake] Task 'ingest_security_logs' served from cache
[2026-06-01T16:29:10.974Z] [INFO] [intake] Task 'ingest_public_domain_patterns' served from cache
[2026-06-01T16:29:10.974Z] [INFO] [intake] Task 'retrieve_3d_vector_context' served from cache
[2026-06-01T16:29:10.974Z] [INFO] [intake] Stage 'Intake' completed
[2026-06-01T16:29:10.975Z] [INFO] [intake] Checkpoint cp_intake_1780331350974 saved
[2026-06-01T16:29:10.975Z] [INFO] [classify] Stage 'Classify' started
[2026-06-01T16:29:10.975Z] [INFO] [classify] Task 'classify_intent' served from cache
[2026-06-01T16:29:10.975Z] [INFO] [classify] Task 'classify_domain' served from cache
[2026-06-01T16:29:10.975Z] [INFO] [classify] Task 'compute_csl_resonance' served from cache
[2026-06-01T16:29:10.975Z] [INFO] [classify] Task 'select_swarm_assignment' served from cache
[2026-06-01T16:29:10.975Z] [INFO] [classify] Task 'check_public_domain_inspiration' served from cache
[2026-06-01T16:29:10.975Z] [INFO] [classify] Stage 'Classify' completed
[2026-06-01T16:29:10.975Z] [INFO] [triage] Stage 'Triage' started
[2026-06-01T16:29:10.975Z] [INFO] [triage] Task 'assign_context_scope' served from cache
[2026-06-01T16:29:10.975Z] [INFO] [triage] Task 'compute_risk_score' served from cache
[2026-06-01T16:29:10.975Z] [INFO] [triage] Task 'select_pipeline_path' served from cache
[2026-06-01T16:29:10.975Z] [INFO] [triage] Task 'estimate_cost_preflight' served from cache
[2026-06-01T16:29:10.975Z] [INFO] [triage] Task 'validate_governance_policies' served from cache
[2026-06-01T16:29:10.975Z] [INFO] [triage] Stage 'Triage' completed
[2026-06-01T16:29:10.975Z] [INFO] [decompose] Stage 'Decompose' started
[2026-06-01T16:29:10.975Z] [INFO] [decompose] Task 'generate_task_graph' served from cache
[2026-06-01T16:29:10.975Z] [INFO] [decompose] Task 'assign_subtask_scope' served from cache
[2026-06-01T16:29:10.975Z] [INFO] [decompose] Task 'allocate_resource_slots' served from cache
[2026-06-01T16:29:10.975Z] [INFO] [decompose] Task 'select_tools_per_subtask' served from cache
[2026-06-01T16:29:10.975Z] [INFO] [decompose] Task 'estimate_subtask_costs' served from cache
[2026-06-01T16:29:10.975Z] [INFO] [decompose] Task 'validate_completion_criteria' served from cache
[2026-06-01T16:29:10.975Z] [INFO] [decompose] Stage 'Decompose' completed
[2026-06-01T16:29:10.976Z] [INFO] [decompose] Checkpoint cp_decompose_1780331350975 saved
[2026-06-01T16:29:10.976Z] [INFO] [trial-and-error] Stage 'Trial & Error Sandbox' started
[2026-06-01T16:29:10.976Z] [INFO] [trial-and-error] Task 'generate_candidate_solutions' served from cache
[2026-06-01T16:29:10.976Z] [INFO] [trial-and-error] Task 'setup_sandbox_environments' served from cache
[2026-06-01T16:29:10.976Z] [INFO] [trial-and-error] Task 'execute_trials_parallel' served from cache
[2026-06-01T16:29:10.976Z] [INFO] [trial-and-error] Task 'measure_trial_outcomes' served from cache
[2026-06-01T16:29:10.976Z] [INFO] [trial-and-error] Task 'compare_trial_results' served from cache
[2026-06-01T16:29:10.976Z] [INFO] [trial-and-error] Task 'select_winner' served from cache
[2026-06-01T16:29:10.976Z] [INFO] [trial-and-error] Task 'record_trial_learnings' served from cache
[2026-06-01T16:29:10.976Z] [INFO] [trial-and-error] Task 'cleanup_sandboxes' served from cache
[2026-06-01T16:29:10.976Z] [INFO] [trial-and-error] Stage 'Trial & Error Sandbox' completed
[2026-06-01T16:29:10.977Z] [INFO] [trial-and-error] Checkpoint cp_trial-and-error_1780331350976 saved
[2026-06-01T16:29:10.978Z] [INFO] [orchestrate] Stage 'Orchestrate' started
[2026-06-01T16:29:10.978Z] [INFO] [orchestrate] Task 'dispatch_subtasks' served from cache
[2026-06-01T16:29:10.978Z] [INFO] [orchestrate] Task 'spawn_bee_workers' served from cache
[2026-06-01T16:29:10.978Z] [INFO] [orchestrate] Task 'route_to_agents' served from cache
[2026-06-01T16:29:10.978Z] [INFO] [orchestrate] Task 'monitor_agent_execution' served from cache
[2026-06-01T16:29:10.978Z] [INFO] [orchestrate] Task 'collect_agent_results' served from cache
[2026-06-01T16:29:10.978Z] [INFO] [orchestrate] Stage 'Orchestrate' completed
[2026-06-01T16:29:10.978Z] [INFO] [orchestrate] Checkpoint cp_orchestrate_1780331350978 saved
[2026-06-01T16:29:10.978Z] [INFO] [monte-carlo] Stage 'Monte Carlo' started
[2026-06-01T16:29:10.978Z] [INFO] [monte-carlo] Task 'run_monte_carlo_simulation' served from cache
[2026-06-01T16:29:10.978Z] [INFO] [monte-carlo] Task 'rank_simulation_outcomes' served from cache
[2026-06-01T16:29:10.978Z] [INFO] [monte-carlo] Task 'prune_low_confidence_paths' served from cache
[2026-06-01T16:29:10.978Z] [INFO] [monte-carlo] Task 'feed_mc_results_to_pattern_engine' served from cache
[2026-06-01T16:29:10.978Z] [INFO] [monte-carlo] Stage 'Monte Carlo' completed
[2026-06-01T16:29:10.979Z] [INFO] [monte-carlo] Checkpoint cp_monte-carlo_1780331350978 saved
[2026-06-01T16:29:10.979Z] [INFO] [arena] Stage 'Arena' started
[2026-06-01T16:29:10.979Z] [INFO] [arena] Task 'generate_candidate_solutions' served from cache
[2026-06-01T16:29:10.979Z] [INFO] [arena] Task 'run_arena_battle' served from cache
[2026-06-01T16:29:10.979Z] [INFO] [arena] Task 'select_arena_winner' served from cache
[2026-06-01T16:29:10.979Z] [INFO] [arena] Task 'record_arena_learnings' served from cache
[2026-06-01T16:29:10.979Z] [INFO] [arena] Stage 'Arena' completed
[2026-06-01T16:29:10.980Z] [INFO] [arena] Checkpoint cp_arena_1780331350979 saved
[2026-06-01T16:29:10.980Z] [INFO] [judge] Stage 'Judge' started
[2026-06-01T16:29:10.980Z] [INFO] [judge] Task 'score_candidate_outputs' served from cache
[2026-06-01T16:29:10.980Z] [INFO] [judge] Task 'apply_confidence_threshold' served from cache
[2026-06-01T16:29:10.980Z] [INFO] [judge] Task 'log_judgement_event' served from cache
[2026-06-01T16:29:10.980Z] [INFO] [judge] Stage 'Judge' completed
[2026-06-01T16:29:10.980Z] [INFO] [judge] Checkpoint cp_judge_1780331350980 saved
[2026-06-01T16:29:10.980Z] [INFO] [approve] Stage 'Approve' started
[2026-06-01T16:29:10.980Z] [INFO] [approve] Task 'evaluate_approval_gate' served from cache
[2026-06-01T16:29:10.980Z] [INFO] [approve] Task 'request_human_approval' served from cache
[2026-06-01T16:29:10.980Z] [INFO] [approve] Task 'resolve_approval_response' served from cache
[2026-06-01T16:29:10.980Z] [INFO] [approve] Stage 'Approve' completed
[2026-06-01T16:29:10.981Z] [INFO] [approve] Checkpoint cp_approve_1780331350980 saved
[2026-06-01T16:29:10.981Z] [INFO] [execute] Stage 'Execute' started
[2026-06-01T16:29:10.981Z] [INFO] [execute] Task 'assess_metacognitive_confidence' served from cache
[2026-06-01T16:29:10.981Z] [INFO] [execute] Task 'execute_final_plan' served from cache
[2026-06-01T16:29:10.981Z] [INFO] [execute] Task 'collect_execution_artifacts' served from cache
[2026-06-01T16:29:10.981Z] [INFO] [execute] Task 'enforce_output_safety' served from cache
[2026-06-01T16:29:10.981Z] [INFO] [execute] Stage 'Execute' completed
[2026-06-01T16:29:10.982Z] [INFO] [execute] Checkpoint cp_execute_1780331350981 saved
[2026-06-01T16:29:10.982Z] [INFO] [verify] Stage 'Verify' started
[2026-06-01T16:29:10.982Z] [INFO] [verify] Task 'evaluate_failures' served from cache
[2026-06-01T16:29:10.982Z] [INFO] [verify] Task 'run_verification_assertions' served from cache
[2026-06-01T16:29:10.982Z] [INFO] [verify] Task 'check_system_integrity' served from cache
[2026-06-01T16:29:10.982Z] [INFO] [verify] Task 'apply_saga_compensation' served from cache
[2026-06-01T16:29:10.982Z] [INFO] [verify] Task 'mc_replan_failed_tasks' served from cache
[2026-06-01T16:29:10.982Z] [INFO] [verify] Task 'retry_recoverable' served from cache
[2026-06-01T16:29:10.982Z] [INFO] [verify] Task 'escalate_unrecoverable' served from cache
[2026-06-01T16:29:10.982Z] [INFO] [verify] Stage 'Verify' completed
[2026-06-01T16:29:10.982Z] [INFO] [verify] Checkpoint cp_verify_1780331350982 saved
[2026-06-01T16:29:10.982Z] [INFO] [self-awareness] Stage 'Self-Awareness Assessment' started
[2026-06-01T16:29:10.982Z] [INFO] [self-awareness] Task 'reflect_on_execution' served from cache
[2026-06-01T16:29:10.982Z] [INFO] [self-awareness] Task 'assess_confidence_calibration' served from cache
[2026-06-01T16:29:10.982Z] [INFO] [self-awareness] Task 'identify_blind_spots' served from cache
[2026-06-01T16:29:10.982Z] [INFO] [self-awareness] Task 'evaluate_cognitive_load' served from cache
[2026-06-01T16:29:10.983Z] [INFO] [self-awareness] Task 'check_assumption_validity' served from cache
[2026-06-01T16:29:10.983Z] [INFO] [self-awareness] Task 'measure_prediction_accuracy' served from cache
[2026-06-01T16:29:10.983Z] [INFO] [self-awareness] Task 'detect_confirmation_bias' served from cache
[2026-06-01T16:29:10.983Z] [INFO] [self-awareness] Task 'assess_knowledge_boundaries' served from cache
[2026-06-01T16:29:10.983Z] [INFO] [self-awareness] Task 'update_self_state_model' served from cache
[2026-06-01T16:29:10.983Z] [INFO] [self-awareness] Task 'log_awareness_snapshot' served from cache
[2026-06-01T16:29:10.983Z] [INFO] [self-awareness] Task 'generate_self_awareness_report' served from cache
[2026-06-01T16:29:10.983Z] [INFO] [self-awareness] Stage 'Self-Awareness Assessment' completed
[2026-06-01T16:29:10.983Z] [INFO] [self-awareness] Checkpoint cp_self-awareness_1780331350983 saved
[2026-06-01T16:29:10.983Z] [INFO] [self-critique] Stage 'Self-Critique' started
[2026-06-01T16:29:10.983Z] [INFO] [self-critique] Task 'record_run_critique' served from cache
[2026-06-01T16:29:10.983Z] [INFO] [self-critique] Task 'diagnose_bottlenecks' served from cache
[2026-06-01T16:29:10.983Z] [INFO] [self-critique] Task 'check_all_connection_health' served from cache
[2026-06-01T16:29:10.983Z] [INFO] [self-critique] Task 'identify_improvement_candidates' served from cache
[2026-06-01T16:29:10.983Z] [INFO] [self-critique] Task 'run_meta_analysis' served from cache
[2026-06-01T16:29:10.983Z] [INFO] [self-critique] Task 'critique_own_output' served from cache
[2026-06-01T16:29:10.983Z] [INFO] [self-critique] Task 'detect_reasoning_biases' served from cache
[2026-06-01T16:29:10.983Z] [INFO] [self-critique] Task 'generate_critique_score' served from cache
[2026-06-01T16:29:10.983Z] [INFO] [self-critique] Task 'identify_system_gaps' served from cache
[2026-06-01T16:29:10.983Z] [INFO] [self-critique] Task 'analyze_resource_waste' served from cache
[2026-06-01T16:29:10.984Z] [INFO] [self-critique] Task 'evaluate_security_posture' served from cache
[2026-06-01T16:29:10.984Z] [INFO] [self-critique] Stage 'Self-Critique' completed
[2026-06-01T16:29:10.984Z] [INFO] [self-critique] Checkpoint cp_self-critique_1780331350984 saved
[2026-06-01T16:29:10.984Z] [INFO] [mistake-analysis] Stage 'Mistake Analysis & Prevention' started
[2026-06-01T16:29:10.984Z] [INFO] [mistake-analysis] Task 'detect_mistakes_in_session' served from cache
[2026-06-01T16:29:10.984Z] [INFO] [mistake-analysis] Task 'catalog_current_run_failures' served from cache
[2026-06-01T16:29:10.984Z] [INFO] [mistake-analysis] Task 'retrieve_historical_failures' served from cache
[2026-06-01T16:29:10.984Z] [INFO] [mistake-analysis] Task 'perform_root_cause_analysis' served from cache
[2026-06-01T16:29:10.984Z] [INFO] [mistake-analysis] Task 'detect_recurring_patterns' served from cache
[2026-06-01T16:29:10.984Z] [INFO] [mistake-analysis] Task 'generate_prevention_rules' served from cache
[2026-06-01T16:29:10.984Z] [INFO] [mistake-analysis] Task 'update_anti_regression_guards' served from cache
[2026-06-01T16:29:10.984Z] [INFO] [mistake-analysis] Task 'compute_mistake_cost' served from cache
[2026-06-01T16:29:10.984Z] [INFO] [mistake-analysis] Task 'update_wisdom_json' served from cache
[2026-06-01T16:29:10.984Z] [INFO] [mistake-analysis] Task 'immunize_pipeline' served from cache
[2026-06-01T16:29:10.984Z] [INFO] [mistake-analysis] Task 'log_mistake_report' served from cache
[2026-06-01T16:29:10.984Z] [INFO] [mistake-analysis] Stage 'Mistake Analysis & Prevention' completed
[2026-06-01T16:29:10.985Z] [INFO] [mistake-analysis] Checkpoint cp_mistake-analysis_1780331350984 saved
[2026-06-01T16:29:10.985Z] [INFO] [optimization-ops] Stage 'Optimization Ops Scanning' started
[2026-06-01T16:29:10.985Z] [INFO] [optimization-ops] Task 'apply_pattern_improvements' served from cache
[2026-06-01T16:29:10.985Z] [INFO] [optimization-ops] Task 'adjust_mc_strategy_weights' served from cache
[2026-06-01T16:29:10.985Z] [INFO] [optimization-ops] Task 'adjust_worker_pool_concurrency' served from cache
[2026-06-01T16:29:10.985Z] [INFO] [optimization-ops] Task 'update_channel_optimizations' served from cache
[2026-06-01T16:29:10.985Z] [INFO] [optimization-ops] Task 'tune_pipeline_parameters' served from cache
[2026-06-01T16:29:10.985Z] [INFO] [optimization-ops] Task 'compress_memory_store' served from cache
[2026-06-01T16:29:10.985Z] [INFO] [optimization-ops] Task 'reconcile_cost_actuals' served from cache
[2026-06-01T16:29:10.985Z] [INFO] [optimization-ops] Task 'profile_service_performance' served from cache
[2026-06-01T16:29:10.985Z] [INFO] [optimization-ops] Task 'detect_dead_code' served from cache
[2026-06-01T16:29:10.985Z] [INFO] [optimization-ops] Task 'detect_unused_services' served from cache
[2026-06-01T16:29:10.985Z] [INFO] [optimization-ops] Task 'detect_unused_endpoints' served from cache
[2026-06-01T16:29:10.985Z] [INFO] [optimization-ops] Task 'analyze_cost_per_request' served from cache
[2026-06-01T16:29:10.985Z] [INFO] [optimization-ops] Task 'detect_over_provisioned' served from cache
[2026-06-01T16:29:10.985Z] [INFO] [optimization-ops] Task 'detect_under_utilized_workers' served from cache
[2026-06-01T16:29:10.985Z] [INFO] [optimization-ops] Task 'detect_redundant_data' served from cache
[2026-06-01T16:29:10.985Z] [INFO] [optimization-ops] Task 'detect_suboptimal_configs' served from cache
[2026-06-01T16:29:10.985Z] [INFO] [optimization-ops] Task 'rank_optimization_impact' served from cache
[2026-06-01T16:29:10.985Z] [INFO] [optimization-ops] Task 'generate_optimization_plan' served from cache
[2026-06-01T16:29:10.985Z] [INFO] [optimization-ops] Task 'apply_optimization_ops_plan' served from cache
[2026-06-01T16:29:10.985Z] [INFO] [optimization-ops] Task 'apply_mistake_prevention_rules' served from cache
[2026-06-01T16:29:10.985Z] [INFO] [optimization-ops] Task 'invalidate_stale_caches' served from cache
[2026-06-01T16:29:10.986Z] [INFO] [optimization-ops] Task 'cleanup_orphaned_resources' served from cache
[2026-06-01T16:29:10.986Z] [INFO] [optimization-ops] Task 'execute_routine_maintenance' served from cache
[2026-06-01T16:29:10.986Z] [INFO] [optimization-ops] Task 'optimize_storage_utilization' served from cache
[2026-06-01T16:29:10.986Z] [INFO] [optimization-ops] Task 'enforce_cost_boundaries' served from cache
[2026-06-01T16:29:10.986Z] [INFO] [optimization-ops] Stage 'Optimization Ops Scanning' completed
[2026-06-01T16:29:10.987Z] [INFO] [optimization-ops] Checkpoint cp_optimization-ops_1780331350986 saved
[2026-06-01T16:29:10.987Z] [INFO] [continuous-search] Stage 'Continuous Search & Discovery' started
[2026-06-01T16:29:10.987Z] [INFO] [continuous-search] Task 'run_continuous_search_queries' served from cache
[2026-06-01T16:29:10.987Z] [INFO] [continuous-search] Task 'index_search_results' served from cache
[2026-06-01T16:29:10.987Z] [INFO] [continuous-search] Task 'emit_knowledge_gap_alerts' served from cache
[2026-06-01T16:29:10.987Z] [INFO] [continuous-search] Task 'search_new_tools_and_libraries' served from cache
[2026-06-01T16:29:10.987Z] [INFO] [continuous-search] Task 'search_ai_research_papers' served from cache
[2026-06-01T16:29:10.987Z] [INFO] [continuous-search] Task 'search_competitor_innovations' served from cache
[2026-06-01T16:29:10.987Z] [INFO] [continuous-search] Task 'search_security_advisories' served from cache
[2026-06-01T16:29:10.987Z] [INFO] [continuous-search] Task 'search_performance_techniques' served from cache
[2026-06-01T16:29:10.987Z] [INFO] [continuous-search] Task 'search_architecture_patterns' served from cache
[2026-06-01T16:29:10.987Z] [INFO] [continuous-search] Task 'evaluate_discoveries' served from cache
[2026-06-01T16:29:10.987Z] [INFO] [continuous-search] Task 'absorb_high_value_findings' served from cache
[2026-06-01T16:29:10.987Z] [INFO] [continuous-search] Task 'propose_integrations' served from cache
[2026-06-01T16:29:10.987Z] [INFO] [continuous-search] Stage 'Continuous Search & Discovery' completed
[2026-06-01T16:29:10.987Z] [INFO] [continuous-search] Checkpoint cp_continuous-search_1780331350987 saved
[2026-06-01T16:29:10.987Z] [INFO] [evolution] Stage 'Evolution & Mutation' started
[2026-06-01T16:29:10.987Z] [INFO] [evolution] Task 'simulate_evolved_strategies' served from cache
[2026-06-01T16:29:10.987Z] [INFO] [evolution] Task 'select_evolution_candidates' served from cache
[2026-06-01T16:29:10.987Z] [INFO] [evolution] Task 'commit_evolution_deltas' served from cache
[2026-06-01T16:29:10.988Z] [INFO] [evolution] Task 'analyze_evolution_candidates' served from cache
[2026-06-01T16:29:10.988Z] [INFO] [evolution] Task 'generate_mutations' served from cache
[2026-06-01T16:29:10.988Z] [INFO] [evolution] Task 'measure_mutation_fitness' served from cache
[2026-06-01T16:29:10.988Z] [INFO] [evolution] Task 'select_beneficial_mutations' served from cache
[2026-06-01T16:29:10.988Z] [INFO] [evolution] Task 'promote_to_config' served from cache
[2026-06-01T16:29:10.988Z] [INFO] [evolution] Task 'record_evolution_history' served from cache
[2026-06-01T16:29:10.988Z] [INFO] [evolution] Task 'update_mutation_strategy' served from cache
[2026-06-01T16:29:10.988Z] [INFO] [evolution] Stage 'Evolution & Mutation' completed
[2026-06-01T16:29:10.988Z] [INFO] [evolution] Checkpoint cp_evolution_1780331350988 saved
[2026-06-01T16:29:10.988Z] [INFO] [receipt] Stage 'Receipt' started
[2026-06-01T16:29:10.988Z] [INFO] [receipt] Task 'persist_results' served from cache
[2026-06-01T16:29:10.988Z] [INFO] [receipt] Task 'sync_registry_and_docs' served from cache
[2026-06-01T16:29:10.988Z] [INFO] [receipt] Task 'validate_notebook_integrity' served from cache
[2026-06-01T16:29:10.988Z] [INFO] [receipt] Task 'check_doc_owner_freshness' served from cache
[2026-06-01T16:29:10.988Z] [INFO] [receipt] Task 'record_pipeline_improvements' served from cache
[2026-06-01T16:29:10.988Z] [INFO] [receipt] Task 'log_run_config_hash' served from cache
[2026-06-01T16:29:10.988Z] [INFO] [receipt] Task 'feed_stage_timing_to_mc' served from cache
[2026-06-01T16:29:10.988Z] [INFO] [receipt] Task 'feed_task_timing_to_patterns' served from cache
[2026-06-01T16:29:10.988Z] [INFO] [receipt] Task 'publish_metrics_to_channels' served from cache
[2026-06-01T16:29:10.988Z] [INFO] [receipt] Task 'check_cross_channel_seamlessness' served from cache
[2026-06-01T16:29:10.988Z] [INFO] [receipt] Task 'propose_micro_upgrades' served from cache
[2026-06-01T16:29:10.988Z] [INFO] [receipt] Task 'archive_run_to_history' served from cache
[2026-06-01T16:29:10.988Z] [INFO] [receipt] Task 'sign_pipeline_receipt' served from cache
[2026-06-01T16:29:10.988Z] [INFO] [receipt] Task 'emit_response_to_caller' served from cache
[2026-06-01T16:29:10.988Z] [INFO] [receipt] Task 'close_session_log' served from cache
[2026-06-01T16:29:10.988Z] [INFO] [receipt] Task 'persist_evolution_outcomes' served from cache
[2026-06-01T16:29:10.988Z] [INFO] [receipt] Task 'persist_mistake_learnings' served from cache
[2026-06-01T16:29:10.988Z] [INFO] [receipt] Task 'persist_search_discoveries' served from cache
[2026-06-01T16:29:10.988Z] [INFO] [receipt] Task 'update_concept_index' served from cache
[2026-06-01T16:29:10.988Z] [INFO] [receipt] Task 'compute_readiness_score' served from cache
[2026-06-01T16:29:10.989Z] [INFO] [receipt] Task 'run_security_audit' served from cache
[2026-06-01T16:29:10.989Z] [INFO] [receipt] Task 'perform_system_backup' served from cache
[2026-06-01T16:29:10.989Z] [INFO] [receipt] Task 'scan_for_threats' served from cache
[2026-06-01T16:29:10.989Z] [INFO] [receipt] Task 'verify_data_integrity' served from cache
[2026-06-01T16:29:10.989Z] [INFO] [receipt] Task 'send_checkpoint_email' served from cache
[2026-06-01T16:29:10.989Z] [INFO] [receipt] Stage 'Receipt' completed
[2026-06-01T16:29:10.989Z] [INFO] [receipt] Checkpoint cp_receipt_1780331350989 saved
[2026-06-01T16:29:10.989Z] [INFO] [distiller] Stage 'Distiller' started
[2026-06-01T16:29:10.989Z] [INFO] [distiller] Task 'extract_execution_trace' served from cache
[2026-06-01T16:29:10.989Z] [INFO] [distiller] Task 'identify_decision_points' served from cache
[2026-06-01T16:29:10.989Z] [INFO] [distiller] Task 'compress_to_tier1_recipe' served from cache
[2026-06-01T16:29:10.989Z] [INFO] [distiller] Task 'compress_to_tier2_recipe' served from cache
[2026-06-01T16:29:10.989Z] [INFO] [distiller] Task 'synthesize_tier3_meta_recipe' served from cache
[2026-06-01T16:29:10.989Z] [INFO] [distiller] Task 'score_recipe_quality' served from cache
[2026-06-01T16:29:10.989Z] [INFO] [distiller] Task 'store_recipe_in_skills' served from cache
[2026-06-01T16:29:10.989Z] [INFO] [distiller] Task 'update_skill_manifest' served from cache
[2026-06-01T16:29:10.989Z] [INFO] [distiller] Task 'feed_recipes_to_memory' served from cache
[2026-06-01T16:29:10.989Z] [INFO] [distiller] Task 'emit_distillation_metrics' served from cache
[2026-06-01T16:29:10.989Z] [INFO] [distiller] Task 'check_recipe_determinism' served from cache
[2026-06-01T16:29:10.989Z] [INFO] [distiller] Task 'archive_trace_to_cold_storage' served from cache
[2026-06-01T16:29:10.989Z] [INFO] [distiller] Stage 'Distiller' completed
[2026-06-01T16:29:10.990Z] [INFO] [distiller] Checkpoint cp_distiller_1780331350989 saved
[2026-06-01T16:29:10.990Z] [INFO] [distiller] Pipeline run run_1780331350965_86e356 finished: completed
[2026-06-01T16:29:10.999Z] [INFO] [system] Pipeline run run_1780331350998_416511 started
[2026-06-01T16:29:10.999Z] [INFO] [channel-entry] Stage 'Channel Entry' started
[2026-06-01T16:29:10.999Z] [INFO] [channel-entry] Task 'sync_cross_device_context' served from cache
[2026-06-01T16:29:10.999Z] [INFO] [channel-entry] Task 'determine_launch_mode' served from cache
[2026-06-01T16:29:10.999Z] [INFO] [channel-entry] Task 'scan_3d_persistent_vector_storage' served from cache
[2026-06-01T16:29:10.999Z] [INFO] [channel-entry] Task 'resolve_channel_and_identity' served from cache
[2026-06-01T16:29:10.999Z] [INFO] [channel-entry] Task 'route_to_pipeline_branch' served from cache
[2026-06-01T16:29:10.999Z] [INFO] [channel-entry] Stage 'Channel Entry' completed
[2026-06-01T16:29:10.999Z] [INFO] [recon] Stage 'Reconnaissance & Deep Scan' started
[2026-06-01T16:29:10.999Z] [INFO] [recon] Task 'scan_codebase_state' served from cache
[2026-06-01T16:29:10.999Z] [INFO] [recon] Task 'scan_config_drift' served from cache
[2026-06-01T16:29:10.999Z] [INFO] [recon] Task 'scan_service_health_matrix' served from cache
[2026-06-01T16:29:10.999Z] [INFO] [recon] Task 'scan_attack_surface' served from cache
[2026-06-01T16:29:10.999Z] [INFO] [recon] Task 'scan_dependency_freshness' served from cache
[2026-06-01T16:29:10.999Z] [INFO] [recon] Task 'scan_vector_memory_density' served from cache
[2026-06-01T16:29:10.999Z] [INFO] [recon] Task 'scan_resource_utilization' served from cache
[2026-06-01T16:29:10.999Z] [INFO] [recon] Task 'scan_cost_trajectory' served from cache
[2026-06-01T16:29:10.999Z] [INFO] [recon] Task 'build_environment_map' served from cache
[2026-06-01T16:29:10.999Z] [INFO] [recon] Stage 'Reconnaissance & Deep Scan' completed
[2026-06-01T16:29:11.000Z] [INFO] [recon] Checkpoint cp_recon_1780331350999 saved
[2026-06-01T16:29:11.000Z] [INFO] [intake] Stage 'Intake' started
[2026-06-01T16:29:11.000Z] [INFO] [intake] Task 'ingest_news_feeds' served from cache
[2026-06-01T16:29:11.000Z] [INFO] [intake] Task 'ingest_repo_changes' served from cache
[2026-06-01T16:29:11.000Z] [INFO] [intake] Task 'ingest_external_apis' served from cache
[2026-06-01T16:29:11.000Z] [INFO] [intake] Task 'ingest_health_metrics' served from cache
[2026-06-01T16:29:11.000Z] [INFO] [intake] Task 'ingest_channel_events' served from cache
[2026-06-01T16:29:11.000Z] [INFO] [intake] Task 'ingest_connection_health' served from cache
[2026-06-01T16:29:11.000Z] [INFO] [intake] Task 'ingest_system_state' served from cache
[2026-06-01T16:29:11.000Z] [INFO] [intake] Task 'ingest_resource_usage' served from cache
[2026-06-01T16:29:11.000Z] [INFO] [intake] Task 'ingest_security_logs' served from cache
[2026-06-01T16:29:11.000Z] [INFO] [intake] Task 'ingest_public_domain_patterns' served from cache
[2026-06-01T16:29:11.000Z] [INFO] [intake] Task 'retrieve_3d_vector_context' served from cache
[2026-06-01T16:29:11.000Z] [INFO] [intake] Stage 'Intake' completed
[2026-06-01T16:29:11.001Z] [INFO] [intake] Checkpoint cp_intake_1780331351000 saved
[2026-06-01T16:29:11.001Z] [INFO] [classify] Stage 'Classify' started
[2026-06-01T16:29:11.001Z] [INFO] [classify] Task 'classify_intent' served from cache
[2026-06-01T16:29:11.001Z] [INFO] [classify] Task 'classify_domain' served from cache
[2026-06-01T16:29:11.001Z] [INFO] [classify] Task 'compute_csl_resonance' served from cache
[2026-06-01T16:29:11.001Z] [INFO] [classify] Task 'select_swarm_assignment' served from cache
[2026-06-01T16:29:11.001Z] [INFO] [classify] Task 'check_public_domain_inspiration' served from cache
[2026-06-01T16:29:11.001Z] [INFO] [classify] Stage 'Classify' completed
[2026-06-01T16:29:11.001Z] [INFO] [triage] Stage 'Triage' started
[2026-06-01T16:29:11.001Z] [INFO] [triage] Task 'assign_context_scope' served from cache
[2026-06-01T16:29:11.001Z] [INFO] [triage] Task 'compute_risk_score' served from cache
[2026-06-01T16:29:11.001Z] [INFO] [triage] Task 'select_pipeline_path' served from cache
[2026-06-01T16:29:11.001Z] [INFO] [triage] Task 'estimate_cost_preflight' served from cache
[2026-06-01T16:29:11.001Z] [INFO] [triage] Task 'validate_governance_policies' served from cache
[2026-06-01T16:29:11.001Z] [INFO] [triage] Stage 'Triage' completed
[2026-06-01T16:29:11.001Z] [INFO] [decompose] Stage 'Decompose' started
[2026-06-01T16:29:11.001Z] [INFO] [decompose] Task 'generate_task_graph' served from cache
[2026-06-01T16:29:11.001Z] [INFO] [decompose] Task 'assign_subtask_scope' served from cache
[2026-06-01T16:29:11.001Z] [INFO] [decompose] Task 'allocate_resource_slots' served from cache
[2026-06-01T16:29:11.001Z] [INFO] [decompose] Task 'select_tools_per_subtask' served from cache
[2026-06-01T16:29:11.001Z] [INFO] [decompose] Task 'estimate_subtask_costs' served from cache
[2026-06-01T16:29:11.001Z] [INFO] [decompose] Task 'validate_completion_criteria' served from cache
[2026-06-01T16:29:11.001Z] [INFO] [decompose] Stage 'Decompose' completed
[2026-06-01T16:29:11.002Z] [INFO] [decompose] Checkpoint cp_decompose_1780331351001 saved
[2026-06-01T16:29:11.002Z] [INFO] [trial-and-error] Stage 'Trial & Error Sandbox' started
[2026-06-01T16:29:11.002Z] [INFO] [trial-and-error] Task 'generate_candidate_solutions' served from cache
[2026-06-01T16:29:11.002Z] [INFO] [trial-and-error] Task 'setup_sandbox_environments' served from cache
[2026-06-01T16:29:11.002Z] [INFO] [trial-and-error] Task 'execute_trials_parallel' served from cache
[2026-06-01T16:29:11.002Z] [INFO] [trial-and-error] Task 'measure_trial_outcomes' served from cache
[2026-06-01T16:29:11.002Z] [INFO] [trial-and-error] Task 'compare_trial_results' served from cache
[2026-06-01T16:29:11.002Z] [INFO] [trial-and-error] Task 'select_winner' served from cache
[2026-06-01T16:29:11.002Z] [INFO] [trial-and-error] Task 'record_trial_learnings' served from cache
[2026-06-01T16:29:11.002Z] [INFO] [trial-and-error] Task 'cleanup_sandboxes' served from cache
[2026-06-01T16:29:11.002Z] [INFO] [trial-and-error] Stage 'Trial & Error Sandbox' completed
[2026-06-01T16:29:11.003Z] [INFO] [trial-and-error] Checkpoint cp_trial-and-error_1780331351002 saved
[2026-06-01T16:29:11.003Z] [INFO] [orchestrate] Stage 'Orchestrate' started
[2026-06-01T16:29:11.003Z] [INFO] [orchestrate] Task 'dispatch_subtasks' served from cache
[2026-06-01T16:29:11.003Z] [INFO] [orchestrate] Task 'spawn_bee_workers' served from cache
[2026-06-01T16:29:11.003Z] [INFO] [orchestrate] Task 'route_to_agents' served from cache
[2026-06-01T16:29:11.003Z] [INFO] [orchestrate] Task 'monitor_agent_execution' served from cache
[2026-06-01T16:29:11.003Z] [INFO] [orchestrate] Task 'collect_agent_results' served from cache
[2026-06-01T16:29:11.003Z] [INFO] [orchestrate] Stage 'Orchestrate' completed
[2026-06-01T16:29:11.003Z] [INFO] [orchestrate] Checkpoint cp_orchestrate_1780331351003 saved
[2026-06-01T16:29:11.003Z] [INFO] [monte-carlo] Stage 'Monte Carlo' started
[2026-06-01T16:29:11.003Z] [INFO] [monte-carlo] Task 'run_monte_carlo_simulation' served from cache
[2026-06-01T16:29:11.003Z] [INFO] [monte-carlo] Task 'rank_simulation_outcomes' served from cache
[2026-06-01T16:29:11.003Z] [INFO] [monte-carlo] Task 'prune_low_confidence_paths' served from cache
[2026-06-01T16:29:11.003Z] [INFO] [monte-carlo] Task 'feed_mc_results_to_pattern_engine' served from cache
[2026-06-01T16:29:11.003Z] [INFO] [monte-carlo] Stage 'Monte Carlo' completed
[2026-06-01T16:29:11.004Z] [INFO] [monte-carlo] Checkpoint cp_monte-carlo_1780331351003 saved
[2026-06-01T16:29:11.004Z] [INFO] [arena] Stage 'Arena' started
[2026-06-01T16:29:11.004Z] [INFO] [arena] Task 'generate_candidate_solutions' served from cache
[2026-06-01T16:29:11.004Z] [INFO] [arena] Task 'run_arena_battle' served from cache
[2026-06-01T16:29:11.004Z] [INFO] [arena] Task 'select_arena_winner' served from cache
[2026-06-01T16:29:11.004Z] [INFO] [arena] Task 'record_arena_learnings' served from cache
[2026-06-01T16:29:11.004Z] [INFO] [arena] Stage 'Arena' completed
[2026-06-01T16:29:11.005Z] [INFO] [arena] Checkpoint cp_arena_1780331351004 saved
[2026-06-01T16:29:11.005Z] [INFO] [judge] Stage 'Judge' started
[2026-06-01T16:29:11.005Z] [INFO] [judge] Task 'score_candidate_outputs' served from cache
[2026-06-01T16:29:11.005Z] [INFO] [judge] Task 'apply_confidence_threshold' served from cache
[2026-06-01T16:29:11.005Z] [INFO] [judge] Task 'log_judgement_event' served from cache
[2026-06-01T16:29:11.005Z] [INFO] [judge] Stage 'Judge' completed
[2026-06-01T16:29:11.006Z] [INFO] [judge] Checkpoint cp_judge_1780331351005 saved
[2026-06-01T16:29:11.006Z] [INFO] [approve] Stage 'Approve' started
[2026-06-01T16:29:11.006Z] [INFO] [approve] Task 'evaluate_approval_gate' served from cache
[2026-06-01T16:29:11.006Z] [INFO] [approve] Task 'request_human_approval' served from cache
[2026-06-01T16:29:11.006Z] [INFO] [approve] Task 'resolve_approval_response' served from cache
[2026-06-01T16:29:11.006Z] [INFO] [approve] Stage 'Approve' completed
[2026-06-01T16:29:11.007Z] [INFO] [approve] Checkpoint cp_approve_1780331351006 saved
[2026-06-01T16:29:11.007Z] [INFO] [execute] Stage 'Execute' started
[2026-06-01T16:29:11.007Z] [INFO] [execute] Task 'assess_metacognitive_confidence' served from cache
[2026-06-01T16:29:11.007Z] [INFO] [execute] Task 'execute_final_plan' served from cache
[2026-06-01T16:29:11.007Z] [INFO] [execute] Task 'collect_execution_artifacts' served from cache
[2026-06-01T16:29:11.007Z] [INFO] [execute] Task 'enforce_output_safety' served from cache
[2026-06-01T16:29:11.007Z] [INFO] [execute] Stage 'Execute' completed
[2026-06-01T16:29:11.007Z] [INFO] [execute] Checkpoint cp_execute_1780331351007 saved
[2026-06-01T16:29:11.008Z] [INFO] [verify] Stage 'Verify' started
[2026-06-01T16:29:11.008Z] [INFO] [verify] Task 'evaluate_failures' served from cache
[2026-06-01T16:29:11.008Z] [INFO] [verify] Task 'run_verification_assertions' served from cache
[2026-06-01T16:29:11.008Z] [INFO] [verify] Task 'check_system_integrity' served from cache
[2026-06-01T16:29:11.008Z] [INFO] [verify] Task 'apply_saga_compensation' served from cache
[2026-06-01T16:29:11.008Z] [INFO] [verify] Task 'mc_replan_failed_tasks' served from cache
[2026-06-01T16:29:11.008Z] [INFO] [verify] Task 'retry_recoverable' served from cache
[2026-06-01T16:29:11.008Z] [INFO] [verify] Task 'escalate_unrecoverable' served from cache
[2026-06-01T16:29:11.008Z] [INFO] [verify] Stage 'Verify' completed
[2026-06-01T16:29:11.008Z] [INFO] [verify] Checkpoint cp_verify_1780331351008 saved
[2026-06-01T16:29:11.008Z] [INFO] [self-awareness] Stage 'Self-Awareness Assessment' started
[2026-06-01T16:29:11.008Z] [INFO] [self-awareness] Task 'reflect_on_execution' served from cache
[2026-06-01T16:29:11.008Z] [INFO] [self-awareness] Task 'assess_confidence_calibration' served from cache
[2026-06-01T16:29:11.008Z] [INFO] [self-awareness] Task 'identify_blind_spots' served from cache
[2026-06-01T16:29:11.008Z] [INFO] [self-awareness] Task 'evaluate_cognitive_load' served from cache
[2026-06-01T16:29:11.008Z] [INFO] [self-awareness] Task 'check_assumption_validity' served from cache
[2026-06-01T16:29:11.008Z] [INFO] [self-awareness] Task 'measure_prediction_accuracy' served from cache
[2026-06-01T16:29:11.009Z] [INFO] [self-awareness] Task 'detect_confirmation_bias' served from cache
[2026-06-01T16:29:11.009Z] [INFO] [self-awareness] Task 'assess_knowledge_boundaries' served from cache
[2026-06-01T16:29:11.009Z] [INFO] [self-awareness] Task 'update_self_state_model' served from cache
[2026-06-01T16:29:11.009Z] [INFO] [self-awareness] Task 'log_awareness_snapshot' served from cache
[2026-06-01T16:29:11.009Z] [INFO] [self-awareness] Task 'generate_self_awareness_report' served from cache
[2026-06-01T16:29:11.009Z] [INFO] [self-awareness] Stage 'Self-Awareness Assessment' completed
[2026-06-01T16:29:11.009Z] [INFO] [self-awareness] Checkpoint cp_self-awareness_1780331351009 saved
[2026-06-01T16:29:11.009Z] [INFO] [self-critique] Stage 'Self-Critique' started
[2026-06-01T16:29:11.009Z] [INFO] [self-critique] Task 'record_run_critique' served from cache
[2026-06-01T16:29:11.009Z] [INFO] [self-critique] Task 'diagnose_bottlenecks' served from cache
[2026-06-01T16:29:11.009Z] [INFO] [self-critique] Task 'check_all_connection_health' served from cache
[2026-06-01T16:29:11.009Z] [INFO] [self-critique] Task 'identify_improvement_candidates' served from cache
[2026-06-01T16:29:11.009Z] [INFO] [self-critique] Task 'run_meta_analysis' served from cache
[2026-06-01T16:29:11.009Z] [INFO] [self-critique] Task 'critique_own_output' served from cache
[2026-06-01T16:29:11.009Z] [INFO] [self-critique] Task 'detect_reasoning_biases' served from cache
[2026-06-01T16:29:11.009Z] [INFO] [self-critique] Task 'generate_critique_score' served from cache
[2026-06-01T16:29:11.009Z] [INFO] [self-critique] Task 'identify_system_gaps' served from cache
[2026-06-01T16:29:11.009Z] [INFO] [self-critique] Task 'analyze_resource_waste' served from cache
[2026-06-01T16:29:11.009Z] [INFO] [self-critique] Task 'evaluate_security_posture' served from cache
[2026-06-01T16:29:11.009Z] [INFO] [self-critique] Stage 'Self-Critique' completed
[2026-06-01T16:29:11.010Z] [INFO] [self-critique] Checkpoint cp_self-critique_1780331351009 saved
[2026-06-01T16:29:11.010Z] [INFO] [mistake-analysis] Stage 'Mistake Analysis & Prevention' started
[2026-06-01T16:29:11.010Z] [INFO] [mistake-analysis] Task 'detect_mistakes_in_session' served from cache
[2026-06-01T16:29:11.010Z] [INFO] [mistake-analysis] Task 'catalog_current_run_failures' served from cache
[2026-06-01T16:29:11.010Z] [INFO] [mistake-analysis] Task 'retrieve_historical_failures' served from cache
[2026-06-01T16:29:11.010Z] [INFO] [mistake-analysis] Task 'perform_root_cause_analysis' served from cache
[2026-06-01T16:29:11.010Z] [INFO] [mistake-analysis] Task 'detect_recurring_patterns' served from cache
[2026-06-01T16:29:11.010Z] [INFO] [mistake-analysis] Task 'generate_prevention_rules' served from cache
[2026-06-01T16:29:11.010Z] [INFO] [mistake-analysis] Task 'update_anti_regression_guards' served from cache
[2026-06-01T16:29:11.010Z] [INFO] [mistake-analysis] Task 'compute_mistake_cost' served from cache
[2026-06-01T16:29:11.010Z] [INFO] [mistake-analysis] Task 'update_wisdom_json' served from cache
[2026-06-01T16:29:11.010Z] [INFO] [mistake-analysis] Task 'immunize_pipeline' served from cache
[2026-06-01T16:29:11.010Z] [INFO] [mistake-analysis] Task 'log_mistake_report' served from cache
[2026-06-01T16:29:11.010Z] [INFO] [mistake-analysis] Stage 'Mistake Analysis & Prevention' completed
[2026-06-01T16:29:11.011Z] [INFO] [mistake-analysis] Checkpoint cp_mistake-analysis_1780331351010 saved
[2026-06-01T16:29:11.011Z] [INFO] [optimization-ops] Stage 'Optimization Ops Scanning' started
[2026-06-01T16:29:11.011Z] [INFO] [optimization-ops] Task 'apply_pattern_improvements' served from cache
[2026-06-01T16:29:11.011Z] [INFO] [optimization-ops] Task 'adjust_mc_strategy_weights' served from cache
[2026-06-01T16:29:11.011Z] [INFO] [optimization-ops] Task 'adjust_worker_pool_concurrency' served from cache
[2026-06-01T16:29:11.011Z] [INFO] [optimization-ops] Task 'update_channel_optimizations' served from cache
[2026-06-01T16:29:11.011Z] [INFO] [optimization-ops] Task 'tune_pipeline_parameters' served from cache
[2026-06-01T16:29:11.011Z] [INFO] [optimization-ops] Task 'compress_memory_store' served from cache
[2026-06-01T16:29:11.011Z] [INFO] [optimization-ops] Task 'reconcile_cost_actuals' served from cache
[2026-06-01T16:29:11.011Z] [INFO] [optimization-ops] Task 'profile_service_performance' served from cache
[2026-06-01T16:29:11.011Z] [INFO] [optimization-ops] Task 'detect_dead_code' served from cache
[2026-06-01T16:29:11.011Z] [INFO] [optimization-ops] Task 'detect_unused_services' served from cache
[2026-06-01T16:29:11.011Z] [INFO] [optimization-ops] Task 'detect_unused_endpoints' served from cache
[2026-06-01T16:29:11.011Z] [INFO] [optimization-ops] Task 'analyze_cost_per_request' served from cache
[2026-06-01T16:29:11.011Z] [INFO] [optimization-ops] Task 'detect_over_provisioned' served from cache
[2026-06-01T16:29:11.011Z] [INFO] [optimization-ops] Task 'detect_under_utilized_workers' served from cache
[2026-06-01T16:29:11.011Z] [INFO] [optimization-ops] Task 'detect_redundant_data' served from cache
[2026-06-01T16:29:11.011Z] [INFO] [optimization-ops] Task 'detect_suboptimal_configs' served from cache
[2026-06-01T16:29:11.011Z] [INFO] [optimization-ops] Task 'rank_optimization_impact' served from cache
[2026-06-01T16:29:11.011Z] [INFO] [optimization-ops] Task 'generate_optimization_plan' served from cache
[2026-06-01T16:29:11.011Z] [INFO] [optimization-ops] Task 'apply_optimization_ops_plan' served from cache
[2026-06-01T16:29:11.011Z] [INFO] [optimization-ops] Task 'apply_mistake_prevention_rules' served from cache
[2026-06-01T16:29:11.011Z] [INFO] [optimization-ops] Task 'invalidate_stale_caches' served from cache
[2026-06-01T16:29:11.011Z] [INFO] [optimization-ops] Task 'cleanup_orphaned_resources' served from cache
[2026-06-01T16:29:11.012Z] [INFO] [optimization-ops] Task 'execute_routine_maintenance' served from cache
[2026-06-01T16:29:11.012Z] [INFO] [optimization-ops] Task 'optimize_storage_utilization' served from cache
[2026-06-01T16:29:11.012Z] [INFO] [optimization-ops] Task 'enforce_cost_boundaries' served from cache
[2026-06-01T16:29:11.012Z] [INFO] [optimization-ops] Stage 'Optimization Ops Scanning' completed
[2026-06-01T16:29:11.012Z] [INFO] [optimization-ops] Checkpoint cp_optimization-ops_1780331351012 saved
[2026-06-01T16:29:11.012Z] [INFO] [continuous-search] Stage 'Continuous Search & Discovery' started
[2026-06-01T16:29:11.012Z] [INFO] [continuous-search] Task 'run_continuous_search_queries' served from cache
[2026-06-01T16:29:11.012Z] [INFO] [continuous-search] Task 'index_search_results' served from cache
[2026-06-01T16:29:11.012Z] [INFO] [continuous-search] Task 'emit_knowledge_gap_alerts' served from cache
[2026-06-01T16:29:11.012Z] [INFO] [continuous-search] Task 'search_new_tools_and_libraries' served from cache
[2026-06-01T16:29:11.012Z] [INFO] [continuous-search] Task 'search_ai_research_papers' served from cache
[2026-06-01T16:29:11.012Z] [INFO] [continuous-search] Task 'search_competitor_innovations' served from cache
[2026-06-01T16:29:11.012Z] [INFO] [continuous-search] Task 'search_security_advisories' served from cache
[2026-06-01T16:29:11.012Z] [INFO] [continuous-search] Task 'search_performance_techniques' served from cache
[2026-06-01T16:29:11.012Z] [INFO] [continuous-search] Task 'search_architecture_patterns' served from cache
[2026-06-01T16:29:11.013Z] [INFO] [continuous-search] Task 'evaluate_discoveries' served from cache
[2026-06-01T16:29:11.013Z] [INFO] [continuous-search] Task 'absorb_high_value_findings' served from cache
[2026-06-01T16:29:11.013Z] [INFO] [continuous-search] Task 'propose_integrations' served from cache
[2026-06-01T16:29:11.013Z] [INFO] [continuous-search] Stage 'Continuous Search & Discovery' completed
[2026-06-01T16:29:11.013Z] [INFO] [continuous-search] Checkpoint cp_continuous-search_1780331351013 saved
[2026-06-01T16:29:11.013Z] [INFO] [evolution] Stage 'Evolution & Mutation' started
[2026-06-01T16:29:11.013Z] [INFO] [evolution] Task 'simulate_evolved_strategies' served from cache
[2026-06-01T16:29:11.013Z] [INFO] [evolution] Task 'select_evolution_candidates' served from cache
[2026-06-01T16:29:11.014Z] [INFO] [evolution] Task 'commit_evolution_deltas' served from cache
[2026-06-01T16:29:11.014Z] [INFO] [evolution] Task 'analyze_evolution_candidates' served from cache
[2026-06-01T16:29:11.014Z] [INFO] [evolution] Task 'generate_mutations' served from cache
[2026-06-01T16:29:11.014Z] [INFO] [evolution] Task 'measure_mutation_fitness' served from cache
[2026-06-01T16:29:11.014Z] [INFO] [evolution] Task 'select_beneficial_mutations' served from cache
[2026-06-01T16:29:11.014Z] [INFO] [evolution] Task 'promote_to_config' served from cache
[2026-06-01T16:29:11.014Z] [INFO] [evolution] Task 'record_evolution_history' served from cache
[2026-06-01T16:29:11.014Z] [INFO] [evolution] Task 'update_mutation_strategy' served from cache
[2026-06-01T16:29:11.014Z] [INFO] [evolution] Stage 'Evolution & Mutation' completed
[2026-06-01T16:29:11.014Z] [INFO] [evolution] Checkpoint cp_evolution_1780331351014 saved
[2026-06-01T16:29:11.014Z] [INFO] [receipt] Stage 'Receipt' started
[2026-06-01T16:29:11.014Z] [INFO] [receipt] Task 'persist_results' served from cache
[2026-06-01T16:29:11.014Z] [INFO] [receipt] Task 'sync_registry_and_docs' served from cache
[2026-06-01T16:29:11.014Z] [INFO] [receipt] Task 'validate_notebook_integrity' served from cache
[2026-06-01T16:29:11.014Z] [INFO] [receipt] Task 'check_doc_owner_freshness' served from cache
[2026-06-01T16:29:11.014Z] [INFO] [receipt] Task 'record_pipeline_improvements' served from cache
[2026-06-01T16:29:11.014Z] [INFO] [receipt] Task 'log_run_config_hash' served from cache
[2026-06-01T16:29:11.014Z] [INFO] [receipt] Task 'feed_stage_timing_to_mc' served from cache
[2026-06-01T16:29:11.014Z] [INFO] [receipt] Task 'feed_task_timing_to_patterns' served from cache
[2026-06-01T16:29:11.014Z] [INFO] [receipt] Task 'publish_metrics_to_channels' served from cache
[2026-06-01T16:29:11.014Z] [INFO] [receipt] Task 'check_cross_channel_seamlessness' served from cache
[2026-06-01T16:29:11.014Z] [INFO] [receipt] Task 'propose_micro_upgrades' served from cache
[2026-06-01T16:29:11.014Z] [INFO] [receipt] Task 'archive_run_to_history' served from cache
[2026-06-01T16:29:11.014Z] [INFO] [receipt] Task 'sign_pipeline_receipt' served from cache
[2026-06-01T16:29:11.014Z] [INFO] [receipt] Task 'emit_response_to_caller' served from cache
[2026-06-01T16:29:11.014Z] [INFO] [receipt] Task 'close_session_log' served from cache
[2026-06-01T16:29:11.014Z] [INFO] [receipt] Task 'persist_evolution_outcomes' served from cache
[2026-06-01T16:29:11.015Z] [INFO] [receipt] Task 'persist_mistake_learnings' served from cache
[2026-06-01T16:29:11.015Z] [INFO] [receipt] Task 'persist_search_discoveries' served from cache
[2026-06-01T16:29:11.015Z] [INFO] [receipt] Task 'update_concept_index' served from cache
[2026-06-01T16:29:11.015Z] [INFO] [receipt] Task 'compute_readiness_score' served from cache
[2026-06-01T16:29:11.015Z] [INFO] [receipt] Task 'run_security_audit' served from cache
[2026-06-01T16:29:11.015Z] [INFO] [receipt] Task 'perform_system_backup' served from cache
[2026-06-01T16:29:11.015Z] [INFO] [receipt] Task 'scan_for_threats' served from cache
[2026-06-01T16:29:11.015Z] [INFO] [receipt] Task 'verify_data_integrity' served from cache
[2026-06-01T16:29:11.015Z] [INFO] [receipt] Task 'send_checkpoint_email' served from cache
[2026-06-01T16:29:11.015Z] [INFO] [receipt] Stage 'Receipt' completed
[2026-06-01T16:29:11.016Z] [INFO] [receipt] Checkpoint cp_receipt_1780331351015 saved
[2026-06-01T16:29:11.016Z] [INFO] [distiller] Stage 'Distiller' started
[2026-06-01T16:29:11.016Z] [INFO] [distiller] Task 'extract_execution_trace' served from cache
[2026-06-01T16:29:11.016Z] [INFO] [distiller] Task 'identify_decision_points' served from cache
[2026-06-01T16:29:11.016Z] [INFO] [distiller] Task 'compress_to_tier1_recipe' served from cache
[2026-06-01T16:29:11.016Z] [INFO] [distiller] Task 'compress_to_tier2_recipe' served from cache
[2026-06-01T16:29:11.016Z] [INFO] [distiller] Task 'synthesize_tier3_meta_recipe' served from cache
[2026-06-01T16:29:11.016Z] [INFO] [distiller] Task 'score_recipe_quality' served from cache
[2026-06-01T16:29:11.016Z] [INFO] [distiller] Task 'store_recipe_in_skills' served from cache
[2026-06-01T16:29:11.016Z] [INFO] [distiller] Task 'update_skill_manifest' served from cache
[2026-06-01T16:29:11.016Z] [INFO] [distiller] Task 'feed_recipes_to_memory' served from cache
[2026-06-01T16:29:11.016Z] [INFO] [distiller] Task 'emit_distillation_metrics' served from cache
[2026-06-01T16:29:11.016Z] [INFO] [distiller] Task 'check_recipe_determinism' served from cache
[2026-06-01T16:29:11.016Z] [INFO] [distiller] Task 'archive_trace_to_cold_storage' served from cache
[2026-06-01T16:29:11.016Z] [INFO] [distiller] Stage 'Distiller' completed
[2026-06-01T16:29:11.016Z] [INFO] [distiller] Checkpoint cp_distiller_1780331351016 saved
[2026-06-01T16:29:11.016Z] [INFO] [distiller] Pipeline run run_1780331350998_416511 finished: completed
[2026-06-01T16:44:10.640Z] [INFO] [system] Pipeline run run_1780332250639_ac0297 started
[2026-06-01T16:44:10.640Z] [INFO] [channel-entry] Stage 'Channel Entry' started
[2026-06-01T16:44:10.640Z] [INFO] [channel-entry] Task 'sync_cross_device_context' served from cache
[2026-06-01T16:44:10.640Z] [INFO] [channel-entry] Task 'determine_launch_mode' served from cache
[2026-06-01T16:44:10.641Z] [INFO] [channel-entry] Task 'scan_3d_persistent_vector_storage' served from cache
[2026-06-01T16:44:10.641Z] [INFO] [channel-entry] Task 'resolve_channel_and_identity' served from cache
[2026-06-01T16:44:10.641Z] [INFO] [channel-entry] Task 'route_to_pipeline_branch' served from cache
[2026-06-01T16:44:10.641Z] [INFO] [channel-entry] Stage 'Channel Entry' completed
[2026-06-01T16:44:10.641Z] [INFO] [recon] Stage 'Reconnaissance & Deep Scan' started
[2026-06-01T16:44:10.641Z] [INFO] [recon] Task 'scan_codebase_state' served from cache
[2026-06-01T16:44:10.641Z] [INFO] [recon] Task 'scan_config_drift' served from cache
[2026-06-01T16:44:10.641Z] [INFO] [recon] Task 'scan_service_health_matrix' served from cache
[2026-06-01T16:44:10.641Z] [INFO] [recon] Task 'scan_attack_surface' served from cache
[2026-06-01T16:44:10.641Z] [INFO] [recon] Task 'scan_dependency_freshness' served from cache
[2026-06-01T16:44:10.641Z] [INFO] [recon] Task 'scan_vector_memory_density' served from cache
[2026-06-01T16:44:10.641Z] [INFO] [recon] Task 'scan_resource_utilization' served from cache
[2026-06-01T16:44:10.641Z] [INFO] [recon] Task 'scan_cost_trajectory' served from cache
[2026-06-01T16:44:10.641Z] [INFO] [recon] Task 'build_environment_map' served from cache
[2026-06-01T16:44:10.641Z] [INFO] [recon] Stage 'Reconnaissance & Deep Scan' completed
[2026-06-01T16:44:10.642Z] [INFO] [recon] Checkpoint cp_recon_1780332250641 saved
[2026-06-01T16:44:10.642Z] [INFO] [intake] Stage 'Intake' started
[2026-06-01T16:44:10.642Z] [INFO] [intake] Task 'ingest_news_feeds' served from cache
[2026-06-01T16:44:10.642Z] [INFO] [intake] Task 'ingest_repo_changes' served from cache
[2026-06-01T16:44:10.642Z] [INFO] [intake] Task 'ingest_external_apis' served from cache
[2026-06-01T16:44:10.642Z] [INFO] [intake] Task 'ingest_health_metrics' served from cache
[2026-06-01T16:44:10.642Z] [INFO] [intake] Task 'ingest_channel_events' served from cache
[2026-06-01T16:44:10.642Z] [INFO] [intake] Task 'ingest_connection_health' served from cache
[2026-06-01T16:44:10.642Z] [INFO] [intake] Task 'ingest_system_state' served from cache
[2026-06-01T16:44:10.642Z] [INFO] [intake] Task 'ingest_resource_usage' served from cache
[2026-06-01T16:44:10.642Z] [INFO] [intake] Task 'ingest_security_logs' served from cache
[2026-06-01T16:44:10.642Z] [INFO] [intake] Task 'ingest_public_domain_patterns' served from cache
[2026-06-01T16:44:10.642Z] [INFO] [intake] Task 'retrieve_3d_vector_context' served from cache
[2026-06-01T16:44:10.643Z] [INFO] [intake] Stage 'Intake' completed
[2026-06-01T16:44:10.644Z] [INFO] [intake] Checkpoint cp_intake_1780332250643 saved
[2026-06-01T16:44:10.644Z] [INFO] [classify] Stage 'Classify' started
[2026-06-01T16:44:10.644Z] [INFO] [classify] Task 'classify_intent' served from cache
[2026-06-01T16:44:10.644Z] [INFO] [classify] Task 'classify_domain' served from cache
[2026-06-01T16:44:10.644Z] [INFO] [classify] Task 'compute_csl_resonance' served from cache
[2026-06-01T16:44:10.644Z] [INFO] [classify] Task 'select_swarm_assignment' served from cache
[2026-06-01T16:44:10.644Z] [INFO] [classify] Task 'check_public_domain_inspiration' served from cache
[2026-06-01T16:44:10.644Z] [INFO] [classify] Stage 'Classify' completed
[2026-06-01T16:44:10.644Z] [INFO] [triage] Stage 'Triage' started
[2026-06-01T16:44:10.644Z] [INFO] [triage] Task 'assign_context_scope' served from cache
[2026-06-01T16:44:10.644Z] [INFO] [triage] Task 'compute_risk_score' served from cache
[2026-06-01T16:44:10.644Z] [INFO] [triage] Task 'select_pipeline_path' served from cache
[2026-06-01T16:44:10.644Z] [INFO] [triage] Task 'estimate_cost_preflight' served from cache
[2026-06-01T16:44:10.644Z] [INFO] [triage] Task 'validate_governance_policies' served from cache
[2026-06-01T16:44:10.644Z] [INFO] [triage] Stage 'Triage' completed
[2026-06-01T16:44:10.644Z] [INFO] [decompose] Stage 'Decompose' started
[2026-06-01T16:44:10.644Z] [INFO] [decompose] Task 'generate_task_graph' served from cache
[2026-06-01T16:44:10.644Z] [INFO] [decompose] Task 'assign_subtask_scope' served from cache
[2026-06-01T16:44:10.644Z] [INFO] [decompose] Task 'allocate_resource_slots' served from cache
[2026-06-01T16:44:10.644Z] [INFO] [decompose] Task 'select_tools_per_subtask' served from cache
[2026-06-01T16:44:10.644Z] [INFO] [decompose] Task 'estimate_subtask_costs' served from cache
[2026-06-01T16:44:10.644Z] [INFO] [decompose] Task 'validate_completion_criteria' served from cache
[2026-06-01T16:44:10.644Z] [INFO] [decompose] Stage 'Decompose' completed
[2026-06-01T16:44:10.645Z] [INFO] [decompose] Checkpoint cp_decompose_1780332250644 saved
[2026-06-01T16:44:10.645Z] [INFO] [trial-and-error] Stage 'Trial & Error Sandbox' started
[2026-06-01T16:44:10.645Z] [INFO] [trial-and-error] Task 'generate_candidate_solutions' served from cache
[2026-06-01T16:44:10.645Z] [INFO] [trial-and-error] Task 'setup_sandbox_environments' served from cache
[2026-06-01T16:44:10.645Z] [INFO] [trial-and-error] Task 'execute_trials_parallel' served from cache
[2026-06-01T16:44:10.645Z] [INFO] [trial-and-error] Task 'measure_trial_outcomes' served from cache
[2026-06-01T16:44:10.645Z] [INFO] [trial-and-error] Task 'compare_trial_results' served from cache
[2026-06-01T16:44:10.645Z] [INFO] [trial-and-error] Task 'select_winner' served from cache
[2026-06-01T16:44:10.645Z] [INFO] [trial-and-error] Task 'record_trial_learnings' served from cache
[2026-06-01T16:44:10.645Z] [INFO] [trial-and-error] Task 'cleanup_sandboxes' served from cache
[2026-06-01T16:44:10.645Z] [INFO] [trial-and-error] Stage 'Trial & Error Sandbox' completed
[2026-06-01T16:44:10.646Z] [INFO] [trial-and-error] Checkpoint cp_trial-and-error_1780332250645 saved
[2026-06-01T16:44:10.646Z] [INFO] [orchestrate] Stage 'Orchestrate' started
[2026-06-01T16:44:10.646Z] [INFO] [orchestrate] Task 'dispatch_subtasks' served from cache
[2026-06-01T16:44:10.646Z] [INFO] [orchestrate] Task 'spawn_bee_workers' served from cache
[2026-06-01T16:44:10.646Z] [INFO] [orchestrate] Task 'route_to_agents' served from cache
[2026-06-01T16:44:10.646Z] [INFO] [orchestrate] Task 'monitor_agent_execution' served from cache
[2026-06-01T16:44:10.646Z] [INFO] [orchestrate] Task 'collect_agent_results' served from cache
[2026-06-01T16:44:10.646Z] [INFO] [orchestrate] Stage 'Orchestrate' completed
[2026-06-01T16:44:10.647Z] [INFO] [orchestrate] Checkpoint cp_orchestrate_1780332250646 saved
[2026-06-01T16:44:10.647Z] [INFO] [monte-carlo] Stage 'Monte Carlo' started
[2026-06-01T16:44:10.647Z] [INFO] [monte-carlo] Task 'run_monte_carlo_simulation' served from cache
[2026-06-01T16:44:10.647Z] [INFO] [monte-carlo] Task 'rank_simulation_outcomes' served from cache
[2026-06-01T16:44:10.647Z] [INFO] [monte-carlo] Task 'prune_low_confidence_paths' served from cache
[2026-06-01T16:44:10.647Z] [INFO] [monte-carlo] Task 'feed_mc_results_to_pattern_engine' served from cache
[2026-06-01T16:44:10.647Z] [INFO] [monte-carlo] Stage 'Monte Carlo' completed
[2026-06-01T16:44:10.648Z] [INFO] [monte-carlo] Checkpoint cp_monte-carlo_1780332250647 saved
[2026-06-01T16:44:10.648Z] [INFO] [arena] Stage 'Arena' started
[2026-06-01T16:44:10.648Z] [INFO] [arena] Task 'generate_candidate_solutions' served from cache
[2026-06-01T16:44:10.648Z] [INFO] [arena] Task 'run_arena_battle' served from cache
[2026-06-01T16:44:10.648Z] [INFO] [arena] Task 'select_arena_winner' served from cache
[2026-06-01T16:44:10.648Z] [INFO] [arena] Task 'record_arena_learnings' served from cache
[2026-06-01T16:44:10.648Z] [INFO] [arena] Stage 'Arena' completed
[2026-06-01T16:44:10.648Z] [INFO] [arena] Checkpoint cp_arena_1780332250648 saved
[2026-06-01T16:44:10.648Z] [INFO] [judge] Stage 'Judge' started
[2026-06-01T16:44:10.648Z] [INFO] [judge] Task 'score_candidate_outputs' served from cache
[2026-06-01T16:44:10.648Z] [INFO] [judge] Task 'apply_confidence_threshold' served from cache
[2026-06-01T16:44:10.649Z] [INFO] [judge] Task 'log_judgement_event' served from cache
[2026-06-01T16:44:10.649Z] [INFO] [judge] Stage 'Judge' completed
[2026-06-01T16:44:10.650Z] [INFO] [judge] Checkpoint cp_judge_1780332250649 saved
[2026-06-01T16:44:10.650Z] [INFO] [approve] Stage 'Approve' started
[2026-06-01T16:44:10.650Z] [INFO] [approve] Task 'evaluate_approval_gate' served from cache
[2026-06-01T16:44:10.650Z] [INFO] [approve] Task 'request_human_approval' served from cache
[2026-06-01T16:44:10.650Z] [INFO] [approve] Task 'resolve_approval_response' served from cache
[2026-06-01T16:44:10.650Z] [INFO] [approve] Stage 'Approve' completed
[2026-06-01T16:44:10.650Z] [INFO] [approve] Checkpoint cp_approve_1780332250650 saved
[2026-06-01T16:44:10.650Z] [INFO] [execute] Stage 'Execute' started
[2026-06-01T16:44:10.650Z] [INFO] [execute] Task 'assess_metacognitive_confidence' served from cache
[2026-06-01T16:44:10.650Z] [INFO] [execute] Task 'execute_final_plan' served from cache
[2026-06-01T16:44:10.650Z] [INFO] [execute] Task 'collect_execution_artifacts' served from cache
[2026-06-01T16:44:10.650Z] [INFO] [execute] Task 'enforce_output_safety' served from cache
[2026-06-01T16:44:10.650Z] [INFO] [execute] Stage 'Execute' completed
[2026-06-01T16:44:10.651Z] [INFO] [execute] Checkpoint cp_execute_1780332250650 saved
[2026-06-01T16:44:10.651Z] [INFO] [verify] Stage 'Verify' started
[2026-06-01T16:44:10.651Z] [INFO] [verify] Task 'evaluate_failures' served from cache
[2026-06-01T16:44:10.651Z] [INFO] [verify] Task 'run_verification_assertions' served from cache
[2026-06-01T16:44:10.651Z] [INFO] [verify] Task 'check_system_integrity' served from cache
[2026-06-01T16:44:10.651Z] [INFO] [verify] Task 'apply_saga_compensation' served from cache
[2026-06-01T16:44:10.651Z] [INFO] [verify] Task 'mc_replan_failed_tasks' served from cache
[2026-06-01T16:44:10.651Z] [INFO] [verify] Task 'retry_recoverable' served from cache
[2026-06-01T16:44:10.651Z] [INFO] [verify] Task 'escalate_unrecoverable' served from cache
[2026-06-01T16:44:10.651Z] [INFO] [verify] Stage 'Verify' completed
[2026-06-01T16:44:10.652Z] [INFO] [verify] Checkpoint cp_verify_1780332250651 saved
[2026-06-01T16:44:10.652Z] [INFO] [self-awareness] Stage 'Self-Awareness Assessment' started
[2026-06-01T16:44:10.652Z] [INFO] [self-awareness] Task 'reflect_on_execution' served from cache
[2026-06-01T16:44:10.652Z] [INFO] [self-awareness] Task 'assess_confidence_calibration' served from cache
[2026-06-01T16:44:10.652Z] [INFO] [self-awareness] Task 'identify_blind_spots' served from cache
[2026-06-01T16:44:10.652Z] [INFO] [self-awareness] Task 'evaluate_cognitive_load' served from cache
[2026-06-01T16:44:10.652Z] [INFO] [self-awareness] Task 'check_assumption_validity' served from cache
[2026-06-01T16:44:10.652Z] [INFO] [self-awareness] Task 'measure_prediction_accuracy' served from cache
[2026-06-01T16:44:10.652Z] [INFO] [self-awareness] Task 'detect_confirmation_bias' served from cache
[2026-06-01T16:44:10.652Z] [INFO] [self-awareness] Task 'assess_knowledge_boundaries' served from cache
[2026-06-01T16:44:10.652Z] [INFO] [self-awareness] Task 'update_self_state_model' served from cache
[2026-06-01T16:44:10.652Z] [INFO] [self-awareness] Task 'log_awareness_snapshot' served from cache
[2026-06-01T16:44:10.652Z] [INFO] [self-awareness] Task 'generate_self_awareness_report' served from cache
[2026-06-01T16:44:10.652Z] [INFO] [self-awareness] Stage 'Self-Awareness Assessment' completed
[2026-06-01T16:44:10.653Z] [INFO] [self-awareness] Checkpoint cp_self-awareness_1780332250653 saved
[2026-06-01T16:44:10.653Z] [INFO] [self-critique] Stage 'Self-Critique' started
[2026-06-01T16:44:10.653Z] [INFO] [self-critique] Task 'record_run_critique' served from cache
[2026-06-01T16:44:10.653Z] [INFO] [self-critique] Task 'diagnose_bottlenecks' served from cache
[2026-06-01T16:44:10.653Z] [INFO] [self-critique] Task 'check_all_connection_health' served from cache
[2026-06-01T16:44:10.653Z] [INFO] [self-critique] Task 'identify_improvement_candidates' served from cache
[2026-06-01T16:44:10.653Z] [INFO] [self-critique] Task 'run_meta_analysis' served from cache
[2026-06-01T16:44:10.653Z] [INFO] [self-critique] Task 'critique_own_output' served from cache
[2026-06-01T16:44:10.653Z] [INFO] [self-critique] Task 'detect_reasoning_biases' served from cache
[2026-06-01T16:44:10.653Z] [INFO] [self-critique] Task 'generate_critique_score' served from cache
[2026-06-01T16:44:10.653Z] [INFO] [self-critique] Task 'identify_system_gaps' served from cache
[2026-06-01T16:44:10.653Z] [INFO] [self-critique] Task 'analyze_resource_waste' served from cache
[2026-06-01T16:44:10.653Z] [INFO] [self-critique] Task 'evaluate_security_posture' served from cache
[2026-06-01T16:44:10.653Z] [INFO] [self-critique] Stage 'Self-Critique' completed
[2026-06-01T16:44:10.654Z] [INFO] [self-critique] Checkpoint cp_self-critique_1780332250653 saved
[2026-06-01T16:44:10.654Z] [INFO] [mistake-analysis] Stage 'Mistake Analysis & Prevention' started
[2026-06-01T16:44:10.654Z] [INFO] [mistake-analysis] Task 'detect_mistakes_in_session' served from cache
[2026-06-01T16:44:10.654Z] [INFO] [mistake-analysis] Task 'catalog_current_run_failures' served from cache
[2026-06-01T16:44:10.654Z] [INFO] [mistake-analysis] Task 'retrieve_historical_failures' served from cache
[2026-06-01T16:44:10.654Z] [INFO] [mistake-analysis] Task 'perform_root_cause_analysis' served from cache
[2026-06-01T16:44:10.654Z] [INFO] [mistake-analysis] Task 'detect_recurring_patterns' served from cache
[2026-06-01T16:44:10.654Z] [INFO] [mistake-analysis] Task 'generate_prevention_rules' served from cache
[2026-06-01T16:44:10.654Z] [INFO] [mistake-analysis] Task 'update_anti_regression_guards' served from cache
[2026-06-01T16:44:10.654Z] [INFO] [mistake-analysis] Task 'compute_mistake_cost' served from cache
[2026-06-01T16:44:10.654Z] [INFO] [mistake-analysis] Task 'update_wisdom_json' served from cache
[2026-06-01T16:44:10.654Z] [INFO] [mistake-analysis] Task 'immunize_pipeline' served from cache
[2026-06-01T16:44:10.654Z] [INFO] [mistake-analysis] Task 'log_mistake_report' served from cache
[2026-06-01T16:44:10.654Z] [INFO] [mistake-analysis] Stage 'Mistake Analysis & Prevention' completed
[2026-06-01T16:44:10.655Z] [INFO] [mistake-analysis] Checkpoint cp_mistake-analysis_1780332250654 saved
[2026-06-01T16:44:10.655Z] [INFO] [optimization-ops] Stage 'Optimization Ops Scanning' started
[2026-06-01T16:44:10.655Z] [INFO] [optimization-ops] Task 'apply_pattern_improvements' served from cache
[2026-06-01T16:44:10.655Z] [INFO] [optimization-ops] Task 'adjust_mc_strategy_weights' served from cache
[2026-06-01T16:44:10.655Z] [INFO] [optimization-ops] Task 'adjust_worker_pool_concurrency' served from cache
[2026-06-01T16:44:10.655Z] [INFO] [optimization-ops] Task 'update_channel_optimizations' served from cache
[2026-06-01T16:44:10.655Z] [INFO] [optimization-ops] Task 'tune_pipeline_parameters' served from cache
[2026-06-01T16:44:10.655Z] [INFO] [optimization-ops] Task 'compress_memory_store' served from cache
[2026-06-01T16:44:10.655Z] [INFO] [optimization-ops] Task 'reconcile_cost_actuals' served from cache
[2026-06-01T16:44:10.655Z] [INFO] [optimization-ops] Task 'profile_service_performance' served from cache
[2026-06-01T16:44:10.655Z] [INFO] [optimization-ops] Task 'detect_dead_code' served from cache
[2026-06-01T16:44:10.655Z] [INFO] [optimization-ops] Task 'detect_unused_services' served from cache
[2026-06-01T16:44:10.655Z] [INFO] [optimization-ops] Task 'detect_unused_endpoints' served from cache
[2026-06-01T16:44:10.655Z] [INFO] [optimization-ops] Task 'analyze_cost_per_request' served from cache
[2026-06-01T16:44:10.655Z] [INFO] [optimization-ops] Task 'detect_over_provisioned' served from cache
[2026-06-01T16:44:10.655Z] [INFO] [optimization-ops] Task 'detect_under_utilized_workers' served from cache
[2026-06-01T16:44:10.656Z] [INFO] [optimization-ops] Task 'detect_redundant_data' served from cache
[2026-06-01T16:44:10.656Z] [INFO] [optimization-ops] Task 'detect_suboptimal_configs' served from cache
[2026-06-01T16:44:10.656Z] [INFO] [optimization-ops] Task 'rank_optimization_impact' served from cache
[2026-06-01T16:44:10.656Z] [INFO] [optimization-ops] Task 'generate_optimization_plan' served from cache
[2026-06-01T16:44:10.656Z] [INFO] [optimization-ops] Task 'apply_optimization_ops_plan' served from cache
[2026-06-01T16:44:10.656Z] [INFO] [optimization-ops] Task 'apply_mistake_prevention_rules' served from cache
[2026-06-01T16:44:10.656Z] [INFO] [optimization-ops] Task 'invalidate_stale_caches' served from cache
[2026-06-01T16:44:10.656Z] [INFO] [optimization-ops] Task 'cleanup_orphaned_resources' served from cache
[2026-06-01T16:44:10.656Z] [INFO] [optimization-ops] Task 'execute_routine_maintenance' served from cache
[2026-06-01T16:44:10.656Z] [INFO] [optimization-ops] Task 'optimize_storage_utilization' served from cache
[2026-06-01T16:44:10.656Z] [INFO] [optimization-ops] Task 'enforce_cost_boundaries' served from cache
[2026-06-01T16:44:10.656Z] [INFO] [optimization-ops] Stage 'Optimization Ops Scanning' completed
[2026-06-01T16:44:10.657Z] [INFO] [optimization-ops] Checkpoint cp_optimization-ops_1780332250656 saved
[2026-06-01T16:44:10.657Z] [INFO] [continuous-search] Stage 'Continuous Search & Discovery' started
[2026-06-01T16:44:10.657Z] [INFO] [continuous-search] Task 'run_continuous_search_queries' served from cache
[2026-06-01T16:44:10.657Z] [INFO] [continuous-search] Task 'index_search_results' served from cache
[2026-06-01T16:44:10.657Z] [INFO] [continuous-search] Task 'emit_knowledge_gap_alerts' served from cache
[2026-06-01T16:44:10.657Z] [INFO] [continuous-search] Task 'search_new_tools_and_libraries' served from cache
[2026-06-01T16:44:10.657Z] [INFO] [continuous-search] Task 'search_ai_research_papers' served from cache
[2026-06-01T16:44:10.657Z] [INFO] [continuous-search] Task 'search_competitor_innovations' served from cache
[2026-06-01T16:44:10.657Z] [INFO] [continuous-search] Task 'search_security_advisories' served from cache
[2026-06-01T16:44:10.657Z] [INFO] [continuous-search] Task 'search_performance_techniques' served from cache
[2026-06-01T16:44:10.657Z] [INFO] [continuous-search] Task 'search_architecture_patterns' served from cache
[2026-06-01T16:44:10.657Z] [INFO] [continuous-search] Task 'evaluate_discoveries' served from cache
[2026-06-01T16:44:10.657Z] [INFO] [continuous-search] Task 'absorb_high_value_findings' served from cache
[2026-06-01T16:44:10.657Z] [INFO] [continuous-search] Task 'propose_integrations' served from cache
[2026-06-01T16:44:10.657Z] [INFO] [continuous-search] Stage 'Continuous Search & Discovery' completed
[2026-06-01T16:44:10.658Z] [INFO] [continuous-search] Checkpoint cp_continuous-search_1780332250657 saved
[2026-06-01T16:44:10.659Z] [INFO] [evolution] Stage 'Evolution & Mutation' started
[2026-06-01T16:44:10.659Z] [INFO] [evolution] Task 'simulate_evolved_strategies' served from cache
[2026-06-01T16:44:10.659Z] [INFO] [evolution] Task 'select_evolution_candidates' served from cache
[2026-06-01T16:44:10.659Z] [INFO] [evolution] Task 'commit_evolution_deltas' served from cache
[2026-06-01T16:44:10.659Z] [INFO] [evolution] Task 'analyze_evolution_candidates' served from cache
[2026-06-01T16:44:10.659Z] [INFO] [evolution] Task 'generate_mutations' served from cache
[2026-06-01T16:44:10.659Z] [INFO] [evolution] Task 'measure_mutation_fitness' served from cache
[2026-06-01T16:44:10.659Z] [INFO] [evolution] Task 'select_beneficial_mutations' served from cache
[2026-06-01T16:44:10.659Z] [INFO] [evolution] Task 'promote_to_config' served from cache
[2026-06-01T16:44:10.659Z] [INFO] [evolution] Task 'record_evolution_history' served from cache
[2026-06-01T16:44:10.659Z] [INFO] [evolution] Task 'update_mutation_strategy' served from cache
[2026-06-01T16:44:10.659Z] [INFO] [evolution] Stage 'Evolution & Mutation' completed
[2026-06-01T16:44:10.659Z] [INFO] [evolution] Checkpoint cp_evolution_1780332250659 saved
[2026-06-01T16:44:10.659Z] [INFO] [receipt] Stage 'Receipt' started
[2026-06-01T16:44:10.660Z] [INFO] [receipt] Task 'persist_results' served from cache
[2026-06-01T16:44:10.660Z] [INFO] [receipt] Task 'sync_registry_and_docs' served from cache
[2026-06-01T16:44:10.660Z] [INFO] [receipt] Task 'validate_notebook_integrity' served from cache
[2026-06-01T16:44:10.660Z] [INFO] [receipt] Task 'check_doc_owner_freshness' served from cache
[2026-06-01T16:44:10.664Z] [INFO] [receipt] Task 'record_pipeline_improvements' served from cache
[2026-06-01T16:44:10.664Z] [INFO] [receipt] Task 'log_run_config_hash' served from cache
[2026-06-01T16:44:10.664Z] [INFO] [receipt] Task 'feed_stage_timing_to_mc' served from cache
[2026-06-01T16:44:10.664Z] [INFO] [receipt] Task 'feed_task_timing_to_patterns' served from cache
[2026-06-01T16:44:10.664Z] [INFO] [receipt] Task 'publish_metrics_to_channels' served from cache
[2026-06-01T16:44:10.664Z] [INFO] [receipt] Task 'check_cross_channel_seamlessness' served from cache
[2026-06-01T16:44:10.664Z] [INFO] [receipt] Task 'propose_micro_upgrades' served from cache
[2026-06-01T16:44:10.664Z] [INFO] [receipt] Task 'archive_run_to_history' served from cache
[2026-06-01T16:44:10.664Z] [INFO] [receipt] Task 'sign_pipeline_receipt' served from cache
[2026-06-01T16:44:10.665Z] [INFO] [receipt] Task 'emit_response_to_caller' served from cache
[2026-06-01T16:44:10.665Z] [INFO] [receipt] Task 'close_session_log' served from cache
[2026-06-01T16:44:10.665Z] [INFO] [receipt] Task 'persist_evolution_outcomes' served from cache
[2026-06-01T16:44:10.665Z] [INFO] [receipt] Task 'persist_mistake_learnings' served from cache
[2026-06-01T16:44:10.665Z] [INFO] [receipt] Task 'persist_search_discoveries' served from cache
[2026-06-01T16:44:10.665Z] [INFO] [receipt] Task 'update_concept_index' served from cache
[2026-06-01T16:44:10.665Z] [INFO] [receipt] Task 'compute_readiness_score' served from cache
[2026-06-01T16:44:10.665Z] [INFO] [receipt] Task 'run_security_audit' served from cache
[2026-06-01T16:44:10.665Z] [INFO] [receipt] Task 'perform_system_backup' served from cache
[2026-06-01T16:44:10.665Z] [INFO] [receipt] Task 'scan_for_threats' served from cache
[2026-06-01T16:44:10.665Z] [INFO] [receipt] Task 'verify_data_integrity' served from cache
[2026-06-01T16:44:10.665Z] [INFO] [receipt] Task 'send_checkpoint_email' served from cache
[2026-06-01T16:44:10.665Z] [INFO] [receipt] Stage 'Receipt' completed
[2026-06-01T16:44:10.665Z] [INFO] [receipt] Checkpoint cp_receipt_1780332250665 saved
[2026-06-01T16:44:10.665Z] [INFO] [distiller] Stage 'Distiller' started
[2026-06-01T16:44:10.666Z] [INFO] [distiller] Task 'extract_execution_trace' served from cache
[2026-06-01T16:44:10.666Z] [INFO] [distiller] Task 'identify_decision_points' served from cache
[2026-06-01T16:44:10.666Z] [INFO] [distiller] Task 'compress_to_tier1_recipe' served from cache
[2026-06-01T16:44:10.666Z] [INFO] [distiller] Task 'compress_to_tier2_recipe' served from cache
[2026-06-01T16:44:10.666Z] [INFO] [distiller] Task 'synthesize_tier3_meta_recipe' served from cache
[2026-06-01T16:44:10.666Z] [INFO] [distiller] Task 'score_recipe_quality' served from cache
[2026-06-01T16:44:10.666Z] [INFO] [distiller] Task 'store_recipe_in_skills' served from cache
[2026-06-01T16:44:10.666Z] [INFO] [distiller] Task 'update_skill_manifest' served from cache
[2026-06-01T16:44:10.666Z] [INFO] [distiller] Task 'feed_recipes_to_memory' served from cache
[2026-06-01T16:44:10.666Z] [INFO] [distiller] Task 'emit_distillation_metrics' served from cache
[2026-06-01T16:44:10.666Z] [INFO] [distiller] Task 'check_recipe_determinism' served from cache
[2026-06-01T16:44:10.666Z] [INFO] [distiller] Task 'archive_trace_to_cold_storage' served from cache
[2026-06-01T16:44:10.666Z] [INFO] [distiller] Stage 'Distiller' completed
[2026-06-01T16:44:10.667Z] [INFO] [distiller] Checkpoint cp_distiller_1780332250666 saved
[2026-06-01T16:44:10.667Z] [INFO] [distiller] Pipeline run run_1780332250639_ac0297 finished: completed
[2026-06-01T16:44:10.671Z] [INFO] [system] Pipeline run run_1780332250670_5e63e4 started
[2026-06-01T16:44:10.671Z] [INFO] [channel-entry] Stage 'Channel Entry' started
[2026-06-01T16:44:10.671Z] [INFO] [channel-entry] Task 'sync_cross_device_context' served from cache
[2026-06-01T16:44:10.671Z] [INFO] [channel-entry] Task 'determine_launch_mode' served from cache
[2026-06-01T16:44:10.671Z] [INFO] [channel-entry] Task 'scan_3d_persistent_vector_storage' served from cache
[2026-06-01T16:44:10.671Z] [INFO] [channel-entry] Task 'resolve_channel_and_identity' served from cache
[2026-06-01T16:44:10.671Z] [INFO] [channel-entry] Task 'route_to_pipeline_branch' served from cache
[2026-06-01T16:44:10.671Z] [INFO] [channel-entry] Stage 'Channel Entry' completed
[2026-06-01T16:44:10.671Z] [INFO] [recon] Stage 'Reconnaissance & Deep Scan' started
[2026-06-01T16:44:10.671Z] [INFO] [recon] Task 'scan_codebase_state' served from cache
[2026-06-01T16:44:10.671Z] [INFO] [recon] Task 'scan_config_drift' served from cache
[2026-06-01T16:44:10.671Z] [INFO] [recon] Task 'scan_service_health_matrix' served from cache
[2026-06-01T16:44:10.671Z] [INFO] [recon] Task 'scan_attack_surface' served from cache
[2026-06-01T16:44:10.671Z] [INFO] [recon] Task 'scan_dependency_freshness' served from cache
[2026-06-01T16:44:10.672Z] [INFO] [recon] Task 'scan_vector_memory_density' served from cache
[2026-06-01T16:44:10.672Z] [INFO] [recon] Task 'scan_resource_utilization' served from cache
[2026-06-01T16:44:10.672Z] [INFO] [recon] Task 'scan_cost_trajectory' served from cache
[2026-06-01T16:44:10.672Z] [INFO] [recon] Task 'build_environment_map' served from cache
[2026-06-01T16:44:10.672Z] [INFO] [recon] Stage 'Reconnaissance & Deep Scan' completed
[2026-06-01T16:44:10.673Z] [INFO] [recon] Checkpoint cp_recon_1780332250672 saved
[2026-06-01T16:44:10.673Z] [INFO] [intake] Stage 'Intake' started
[2026-06-01T16:44:10.673Z] [INFO] [intake] Task 'ingest_news_feeds' served from cache
[2026-06-01T16:44:10.673Z] [INFO] [intake] Task 'ingest_repo_changes' served from cache
[2026-06-01T16:44:10.673Z] [INFO] [intake] Task 'ingest_external_apis' served from cache
[2026-06-01T16:44:10.673Z] [INFO] [intake] Task 'ingest_health_metrics' served from cache
[2026-06-01T16:44:10.673Z] [INFO] [intake] Task 'ingest_channel_events' served from cache
[2026-06-01T16:44:10.673Z] [INFO] [intake] Task 'ingest_connection_health' served from cache
[2026-06-01T16:44:10.673Z] [INFO] [intake] Task 'ingest_system_state' served from cache
[2026-06-01T16:44:10.673Z] [INFO] [intake] Task 'ingest_resource_usage' served from cache
[2026-06-01T16:44:10.673Z] [INFO] [intake] Task 'ingest_security_logs' served from cache
[2026-06-01T16:44:10.673Z] [INFO] [intake] Task 'ingest_public_domain_patterns' served from cache
[2026-06-01T16:44:10.673Z] [INFO] [intake] Task 'retrieve_3d_vector_context' served from cache
[2026-06-01T16:44:10.673Z] [INFO] [intake] Stage 'Intake' completed
[2026-06-01T16:44:10.674Z] [INFO] [intake] Checkpoint cp_intake_1780332250673 saved
[2026-06-01T16:44:10.674Z] [INFO] [classify] Stage 'Classify' started
[2026-06-01T16:44:10.674Z] [INFO] [classify] Task 'classify_intent' served from cache
[2026-06-01T16:44:10.674Z] [INFO] [classify] Task 'classify_domain' served from cache
[2026-06-01T16:44:10.674Z] [INFO] [classify] Task 'compute_csl_resonance' served from cache
[2026-06-01T16:44:10.674Z] [INFO] [classify] Task 'select_swarm_assignment' served from cache
[2026-06-01T16:44:10.674Z] [INFO] [classify] Task 'check_public_domain_inspiration' served from cache
[2026-06-01T16:44:10.674Z] [INFO] [classify] Stage 'Classify' completed
[2026-06-01T16:44:10.674Z] [INFO] [triage] Stage 'Triage' started
[2026-06-01T16:44:10.674Z] [INFO] [triage] Task 'assign_context_scope' served from cache
[2026-06-01T16:44:10.674Z] [INFO] [triage] Task 'compute_risk_score' served from cache
[2026-06-01T16:44:10.674Z] [INFO] [triage] Task 'select_pipeline_path' served from cache
[2026-06-01T16:44:10.674Z] [INFO] [triage] Task 'estimate_cost_preflight' served from cache
[2026-06-01T16:44:10.674Z] [INFO] [triage] Task 'validate_governance_policies' served from cache
[2026-06-01T16:44:10.674Z] [INFO] [triage] Stage 'Triage' completed
[2026-06-01T16:44:10.674Z] [INFO] [decompose] Stage 'Decompose' started
[2026-06-01T16:44:10.674Z] [INFO] [decompose] Task 'generate_task_graph' served from cache
[2026-06-01T16:44:10.674Z] [INFO] [decompose] Task 'assign_subtask_scope' served from cache
[2026-06-01T16:44:10.674Z] [INFO] [decompose] Task 'allocate_resource_slots' served from cache
[2026-06-01T16:44:10.674Z] [INFO] [decompose] Task 'select_tools_per_subtask' served from cache
[2026-06-01T16:44:10.674Z] [INFO] [decompose] Task 'estimate_subtask_costs' served from cache
[2026-06-01T16:44:10.674Z] [INFO] [decompose] Task 'validate_completion_criteria' served from cache
[2026-06-01T16:44:10.674Z] [INFO] [decompose] Stage 'Decompose' completed
[2026-06-01T16:44:10.675Z] [INFO] [decompose] Checkpoint cp_decompose_1780332250674 saved
[2026-06-01T16:44:10.675Z] [INFO] [trial-and-error] Stage 'Trial & Error Sandbox' started
[2026-06-01T16:44:10.675Z] [INFO] [trial-and-error] Task 'generate_candidate_solutions' served from cache
[2026-06-01T16:44:10.675Z] [INFO] [trial-and-error] Task 'setup_sandbox_environments' served from cache
[2026-06-01T16:44:10.675Z] [INFO] [trial-and-error] Task 'execute_trials_parallel' served from cache
[2026-06-01T16:44:10.675Z] [INFO] [trial-and-error] Task 'measure_trial_outcomes' served from cache
[2026-06-01T16:44:10.675Z] [INFO] [trial-and-error] Task 'compare_trial_results' served from cache
[2026-06-01T16:44:10.675Z] [INFO] [trial-and-error] Task 'select_winner' served from cache
[2026-06-01T16:44:10.675Z] [INFO] [trial-and-error] Task 'record_trial_learnings' served from cache
[2026-06-01T16:44:10.675Z] [INFO] [trial-and-error] Task 'cleanup_sandboxes' served from cache
[2026-06-01T16:44:10.675Z] [INFO] [trial-and-error] Stage 'Trial & Error Sandbox' completed
[2026-06-01T16:44:10.676Z] [INFO] [trial-and-error] Checkpoint cp_trial-and-error_1780332250675 saved
[2026-06-01T16:44:10.676Z] [INFO] [orchestrate] Stage 'Orchestrate' started
[2026-06-01T16:44:10.676Z] [INFO] [orchestrate] Task 'dispatch_subtasks' served from cache
[2026-06-01T16:44:10.676Z] [INFO] [orchestrate] Task 'spawn_bee_workers' served from cache
[2026-06-01T16:44:10.676Z] [INFO] [orchestrate] Task 'route_to_agents' served from cache
[2026-06-01T16:44:10.676Z] [INFO] [orchestrate] Task 'monitor_agent_execution' served from cache
[2026-06-01T16:44:10.676Z] [INFO] [orchestrate] Task 'collect_agent_results' served from cache
[2026-06-01T16:44:10.676Z] [INFO] [orchestrate] Stage 'Orchestrate' completed
[2026-06-01T16:44:10.677Z] [INFO] [orchestrate] Checkpoint cp_orchestrate_1780332250676 saved
[2026-06-01T16:44:10.677Z] [INFO] [monte-carlo] Stage 'Monte Carlo' started
[2026-06-01T16:44:10.677Z] [INFO] [monte-carlo] Task 'run_monte_carlo_simulation' served from cache
[2026-06-01T16:44:10.677Z] [INFO] [monte-carlo] Task 'rank_simulation_outcomes' served from cache
[2026-06-01T16:44:10.677Z] [INFO] [monte-carlo] Task 'prune_low_confidence_paths' served from cache
[2026-06-01T16:44:10.677Z] [INFO] [monte-carlo] Task 'feed_mc_results_to_pattern_engine' served from cache
[2026-06-01T16:44:10.677Z] [INFO] [monte-carlo] Stage 'Monte Carlo' completed
[2026-06-01T16:44:10.678Z] [INFO] [monte-carlo] Checkpoint cp_monte-carlo_1780332250677 saved
[2026-06-01T16:44:10.678Z] [INFO] [arena] Stage 'Arena' started
[2026-06-01T16:44:10.678Z] [INFO] [arena] Task 'generate_candidate_solutions' served from cache
[2026-06-01T16:44:10.678Z] [INFO] [arena] Task 'run_arena_battle' served from cache
[2026-06-01T16:44:10.678Z] [INFO] [arena] Task 'select_arena_winner' served from cache
[2026-06-01T16:44:10.678Z] [INFO] [arena] Task 'record_arena_learnings' served from cache
[2026-06-01T16:44:10.678Z] [INFO] [arena] Stage 'Arena' completed
[2026-06-01T16:44:10.679Z] [INFO] [arena] Checkpoint cp_arena_1780332250678 saved
[2026-06-01T16:44:10.679Z] [INFO] [judge] Stage 'Judge' started
[2026-06-01T16:44:10.679Z] [INFO] [judge] Task 'score_candidate_outputs' served from cache
[2026-06-01T16:44:10.679Z] [INFO] [judge] Task 'apply_confidence_threshold' served from cache
[2026-06-01T16:44:10.679Z] [INFO] [judge] Task 'log_judgement_event' served from cache
[2026-06-01T16:44:10.679Z] [INFO] [judge] Stage 'Judge' completed
[2026-06-01T16:44:10.680Z] [INFO] [judge] Checkpoint cp_judge_1780332250679 saved
[2026-06-01T16:44:10.680Z] [INFO] [approve] Stage 'Approve' started
[2026-06-01T16:44:10.680Z] [INFO] [approve] Task 'evaluate_approval_gate' served from cache
[2026-06-01T16:44:10.680Z] [INFO] [approve] Task 'request_human_approval' served from cache
[2026-06-01T16:44:10.680Z] [INFO] [approve] Task 'resolve_approval_response' served from cache
[2026-06-01T16:44:10.680Z] [INFO] [approve] Stage 'Approve' completed
[2026-06-01T16:44:10.680Z] [INFO] [approve] Checkpoint cp_approve_1780332250680 saved
[2026-06-01T16:44:10.680Z] [INFO] [execute] Stage 'Execute' started
[2026-06-01T16:44:10.680Z] [INFO] [execute] Task 'assess_metacognitive_confidence' served from cache
[2026-06-01T16:44:10.680Z] [INFO] [execute] Task 'execute_final_plan' served from cache
[2026-06-01T16:44:10.680Z] [INFO] [execute] Task 'collect_execution_artifacts' served from cache
[2026-06-01T16:44:10.680Z] [INFO] [execute] Task 'enforce_output_safety' served from cache
[2026-06-01T16:44:10.681Z] [INFO] [execute] Stage 'Execute' completed
[2026-06-01T16:44:10.681Z] [INFO] [execute] Checkpoint cp_execute_1780332250681 saved
[2026-06-01T16:44:10.681Z] [INFO] [verify] Stage 'Verify' started
[2026-06-01T16:44:10.681Z] [INFO] [verify] Task 'evaluate_failures' served from cache
[2026-06-01T16:44:10.681Z] [INFO] [verify] Task 'run_verification_assertions' served from cache
[2026-06-01T16:44:10.682Z] [INFO] [verify] Task 'check_system_integrity' served from cache
[2026-06-01T16:44:10.682Z] [INFO] [verify] Task 'apply_saga_compensation' served from cache
[2026-06-01T16:44:10.682Z] [INFO] [verify] Task 'mc_replan_failed_tasks' served from cache
[2026-06-01T16:44:10.682Z] [INFO] [verify] Task 'retry_recoverable' served from cache
[2026-06-01T16:44:10.682Z] [INFO] [verify] Task 'escalate_unrecoverable' served from cache
[2026-06-01T16:44:10.682Z] [INFO] [verify] Stage 'Verify' completed
[2026-06-01T16:44:10.682Z] [INFO] [verify] Checkpoint cp_verify_1780332250682 saved
[2026-06-01T16:44:10.682Z] [INFO] [self-awareness] Stage 'Self-Awareness Assessment' started
[2026-06-01T16:44:10.682Z] [INFO] [self-awareness] Task 'reflect_on_execution' served from cache
[2026-06-01T16:44:10.682Z] [INFO] [self-awareness] Task 'assess_confidence_calibration' served from cache
[2026-06-01T16:44:10.682Z] [INFO] [self-awareness] Task 'identify_blind_spots' served from cache
[2026-06-01T16:44:10.682Z] [INFO] [self-awareness] Task 'evaluate_cognitive_load' served from cache
[2026-06-01T16:44:10.682Z] [INFO] [self-awareness] Task 'check_assumption_validity' served from cache
[2026-06-01T16:44:10.682Z] [INFO] [self-awareness] Task 'measure_prediction_accuracy' served from cache
[2026-06-01T16:44:10.682Z] [INFO] [self-awareness] Task 'detect_confirmation_bias' served from cache
[2026-06-01T16:44:10.682Z] [INFO] [self-awareness] Task 'assess_knowledge_boundaries' served from cache
[2026-06-01T16:44:10.682Z] [INFO] [self-awareness] Task 'update_self_state_model' served from cache
[2026-06-01T16:44:10.682Z] [INFO] [self-awareness] Task 'log_awareness_snapshot' served from cache
[2026-06-01T16:44:10.683Z] [INFO] [self-awareness] Task 'generate_self_awareness_report' served from cache
[2026-06-01T16:44:10.683Z] [INFO] [self-awareness] Stage 'Self-Awareness Assessment' completed
[2026-06-01T16:44:10.683Z] [INFO] [self-awareness] Checkpoint cp_self-awareness_1780332250683 saved
[2026-06-01T16:44:10.683Z] [INFO] [self-critique] Stage 'Self-Critique' started
[2026-06-01T16:44:10.683Z] [INFO] [self-critique] Task 'record_run_critique' served from cache
[2026-06-01T16:44:10.683Z] [INFO] [self-critique] Task 'diagnose_bottlenecks' served from cache
[2026-06-01T16:44:10.683Z] [INFO] [self-critique] Task 'check_all_connection_health' served from cache
[2026-06-01T16:44:10.683Z] [INFO] [self-critique] Task 'identify_improvement_candidates' served from cache
[2026-06-01T16:44:10.684Z] [INFO] [self-critique] Task 'run_meta_analysis' served from cache
[2026-06-01T16:44:10.684Z] [INFO] [self-critique] Task 'critique_own_output' served from cache
[2026-06-01T16:44:10.684Z] [INFO] [self-critique] Task 'detect_reasoning_biases' served from cache
[2026-06-01T16:44:10.684Z] [INFO] [self-critique] Task 'generate_critique_score' served from cache
[2026-06-01T16:44:10.684Z] [INFO] [self-critique] Task 'identify_system_gaps' served from cache
[2026-06-01T16:44:10.684Z] [INFO] [self-critique] Task 'analyze_resource_waste' served from cache
[2026-06-01T16:44:10.684Z] [INFO] [self-critique] Task 'evaluate_security_posture' served from cache
[2026-06-01T16:44:10.684Z] [INFO] [self-critique] Stage 'Self-Critique' completed
[2026-06-01T16:44:10.685Z] [INFO] [self-critique] Checkpoint cp_self-critique_1780332250684 saved
[2026-06-01T16:44:10.685Z] [INFO] [mistake-analysis] Stage 'Mistake Analysis & Prevention' started
[2026-06-01T16:44:10.685Z] [INFO] [mistake-analysis] Task 'detect_mistakes_in_session' served from cache
[2026-06-01T16:44:10.685Z] [INFO] [mistake-analysis] Task 'catalog_current_run_failures' served from cache
[2026-06-01T16:44:10.685Z] [INFO] [mistake-analysis] Task 'retrieve_historical_failures' served from cache
[2026-06-01T16:44:10.685Z] [INFO] [mistake-analysis] Task 'perform_root_cause_analysis' served from cache
[2026-06-01T16:44:10.685Z] [INFO] [mistake-analysis] Task 'detect_recurring_patterns' served from cache
[2026-06-01T16:44:10.685Z] [INFO] [mistake-analysis] Task 'generate_prevention_rules' served from cache
[2026-06-01T16:44:10.685Z] [INFO] [mistake-analysis] Task 'update_anti_regression_guards' served from cache
[2026-06-01T16:44:10.685Z] [INFO] [mistake-analysis] Task 'compute_mistake_cost' served from cache
[2026-06-01T16:44:10.685Z] [INFO] [mistake-analysis] Task 'update_wisdom_json' served from cache
[2026-06-01T16:44:10.685Z] [INFO] [mistake-analysis] Task 'immunize_pipeline' served from cache
[2026-06-01T16:44:10.685Z] [INFO] [mistake-analysis] Task 'log_mistake_report' served from cache
[2026-06-01T16:44:10.685Z] [INFO] [mistake-analysis] Stage 'Mistake Analysis & Prevention' completed
[2026-06-01T16:44:10.686Z] [INFO] [mistake-analysis] Checkpoint cp_mistake-analysis_1780332250685 saved
[2026-06-01T16:44:10.686Z] [INFO] [optimization-ops] Stage 'Optimization Ops Scanning' started
[2026-06-01T16:44:10.686Z] [INFO] [optimization-ops] Task 'apply_pattern_improvements' served from cache
[2026-06-01T16:44:10.686Z] [INFO] [optimization-ops] Task 'adjust_mc_strategy_weights' served from cache
[2026-06-01T16:44:10.686Z] [INFO] [optimization-ops] Task 'adjust_worker_pool_concurrency' served from cache
[2026-06-01T16:44:10.686Z] [INFO] [optimization-ops] Task 'update_channel_optimizations' served from cache
[2026-06-01T16:44:10.686Z] [INFO] [optimization-ops] Task 'tune_pipeline_parameters' served from cache
[2026-06-01T16:44:10.686Z] [INFO] [optimization-ops] Task 'compress_memory_store' served from cache
[2026-06-01T16:44:10.686Z] [INFO] [optimization-ops] Task 'reconcile_cost_actuals' served from cache
[2026-06-01T16:44:10.686Z] [INFO] [optimization-ops] Task 'profile_service_performance' served from cache
[2026-06-01T16:44:10.686Z] [INFO] [optimization-ops] Task 'detect_dead_code' served from cache
[2026-06-01T16:44:10.686Z] [INFO] [optimization-ops] Task 'detect_unused_services' served from cache
[2026-06-01T16:44:10.686Z] [INFO] [optimization-ops] Task 'detect_unused_endpoints' served from cache
[2026-06-01T16:44:10.686Z] [INFO] [optimization-ops] Task 'analyze_cost_per_request' served from cache
[2026-06-01T16:44:10.686Z] [INFO] [optimization-ops] Task 'detect_over_provisioned' served from cache
[2026-06-01T16:44:10.687Z] [INFO] [optimization-ops] Task 'detect_under_utilized_workers' served from cache
[2026-06-01T16:44:10.687Z] [INFO] [optimization-ops] Task 'detect_redundant_data' served from cache
[2026-06-01T16:44:10.687Z] [INFO] [optimization-ops] Task 'detect_suboptimal_configs' served from cache
[2026-06-01T16:44:10.687Z] [INFO] [optimization-ops] Task 'rank_optimization_impact' served from cache
[2026-06-01T16:44:10.687Z] [INFO] [optimization-ops] Task 'generate_optimization_plan' served from cache
[2026-06-01T16:44:10.687Z] [INFO] [optimization-ops] Task 'apply_optimization_ops_plan' served from cache
[2026-06-01T16:44:10.687Z] [INFO] [optimization-ops] Task 'apply_mistake_prevention_rules' served from cache
[2026-06-01T16:44:10.687Z] [INFO] [optimization-ops] Task 'invalidate_stale_caches' served from cache
[2026-06-01T16:44:10.687Z] [INFO] [optimization-ops] Task 'cleanup_orphaned_resources' served from cache
[2026-06-01T16:44:10.687Z] [INFO] [optimization-ops] Task 'execute_routine_maintenance' served from cache
[2026-06-01T16:44:10.687Z] [INFO] [optimization-ops] Task 'optimize_storage_utilization' served from cache
[2026-06-01T16:44:10.687Z] [INFO] [optimization-ops] Task 'enforce_cost_boundaries' served from cache
[2026-06-01T16:44:10.687Z] [INFO] [optimization-ops] Stage 'Optimization Ops Scanning' completed
[2026-06-01T16:44:10.688Z] [INFO] [optimization-ops] Checkpoint cp_optimization-ops_1780332250687 saved
[2026-06-01T16:44:10.688Z] [INFO] [continuous-search] Stage 'Continuous Search & Discovery' started
[2026-06-01T16:44:10.688Z] [INFO] [continuous-search] Task 'run_continuous_search_queries' served from cache
[2026-06-01T16:44:10.688Z] [INFO] [continuous-search] Task 'index_search_results' served from cache
[2026-06-01T16:44:10.688Z] [INFO] [continuous-search] Task 'emit_knowledge_gap_alerts' served from cache
[2026-06-01T16:44:10.688Z] [INFO] [continuous-search] Task 'search_new_tools_and_libraries' served from cache
[2026-06-01T16:44:10.688Z] [INFO] [continuous-search] Task 'search_ai_research_papers' served from cache
[2026-06-01T16:44:10.688Z] [INFO] [continuous-search] Task 'search_competitor_innovations' served from cache
[2026-06-01T16:44:10.688Z] [INFO] [continuous-search] Task 'search_security_advisories' served from cache
[2026-06-01T16:44:10.688Z] [INFO] [continuous-search] Task 'search_performance_techniques' served from cache
[2026-06-01T16:44:10.688Z] [INFO] [continuous-search] Task 'search_architecture_patterns' served from cache
[2026-06-01T16:44:10.688Z] [INFO] [continuous-search] Task 'evaluate_discoveries' served from cache
[2026-06-01T16:44:10.688Z] [INFO] [continuous-search] Task 'absorb_high_value_findings' served from cache
[2026-06-01T16:44:10.688Z] [INFO] [continuous-search] Task 'propose_integrations' served from cache
[2026-06-01T16:44:10.688Z] [INFO] [continuous-search] Stage 'Continuous Search & Discovery' completed
[2026-06-01T16:44:10.688Z] [INFO] [continuous-search] Checkpoint cp_continuous-search_1780332250688 saved
[2026-06-01T16:44:10.688Z] [INFO] [evolution] Stage 'Evolution & Mutation' started
[2026-06-01T16:44:10.688Z] [INFO] [evolution] Task 'simulate_evolved_strategies' served from cache
[2026-06-01T16:44:10.688Z] [INFO] [evolution] Task 'select_evolution_candidates' served from cache
[2026-06-01T16:44:10.688Z] [INFO] [evolution] Task 'commit_evolution_deltas' served from cache
[2026-06-01T16:44:10.688Z] [INFO] [evolution] Task 'analyze_evolution_candidates' served from cache
[2026-06-01T16:44:10.689Z] [INFO] [evolution] Task 'generate_mutations' served from cache
[2026-06-01T16:44:10.689Z] [INFO] [evolution] Task 'measure_mutation_fitness' served from cache
[2026-06-01T16:44:10.689Z] [INFO] [evolution] Task 'select_beneficial_mutations' served from cache
[2026-06-01T16:44:10.689Z] [INFO] [evolution] Task 'promote_to_config' served from cache
[2026-06-01T16:44:10.689Z] [INFO] [evolution] Task 'record_evolution_history' served from cache
[2026-06-01T16:44:10.689Z] [INFO] [evolution] Task 'update_mutation_strategy' served from cache
[2026-06-01T16:44:10.689Z] [INFO] [evolution] Stage 'Evolution & Mutation' completed
[2026-06-01T16:44:10.689Z] [INFO] [evolution] Checkpoint cp_evolution_1780332250689 saved
[2026-06-01T16:44:10.689Z] [INFO] [receipt] Stage 'Receipt' started
[2026-06-01T16:44:10.689Z] [INFO] [receipt] Task 'persist_results' served from cache
[2026-06-01T16:44:10.689Z] [INFO] [receipt] Task 'sync_registry_and_docs' served from cache
[2026-06-01T16:44:10.689Z] [INFO] [receipt] Task 'validate_notebook_integrity' served from cache
[2026-06-01T16:44:10.689Z] [INFO] [receipt] Task 'check_doc_owner_freshness' served from cache
[2026-06-01T16:44:10.689Z] [INFO] [receipt] Task 'record_pipeline_improvements' served from cache
[2026-06-01T16:44:10.689Z] [INFO] [receipt] Task 'log_run_config_hash' served from cache
[2026-06-01T16:44:10.689Z] [INFO] [receipt] Task 'feed_stage_timing_to_mc' served from cache
[2026-06-01T16:44:10.689Z] [INFO] [receipt] Task 'feed_task_timing_to_patterns' served from cache
[2026-06-01T16:44:10.689Z] [INFO] [receipt] Task 'publish_metrics_to_channels' served from cache
[2026-06-01T16:44:10.689Z] [INFO] [receipt] Task 'check_cross_channel_seamlessness' served from cache
[2026-06-01T16:44:10.689Z] [INFO] [receipt] Task 'propose_micro_upgrades' served from cache
[2026-06-01T16:44:10.689Z] [INFO] [receipt] Task 'archive_run_to_history' served from cache
[2026-06-01T16:44:10.689Z] [INFO] [receipt] Task 'sign_pipeline_receipt' served from cache
[2026-06-01T16:44:10.689Z] [INFO] [receipt] Task 'emit_response_to_caller' served from cache
[2026-06-01T16:44:10.689Z] [INFO] [receipt] Task 'close_session_log' served from cache
[2026-06-01T16:44:10.689Z] [INFO] [receipt] Task 'persist_evolution_outcomes' served from cache
[2026-06-01T16:44:10.689Z] [INFO] [receipt] Task 'persist_mistake_learnings' served from cache
[2026-06-01T16:44:10.689Z] [INFO] [receipt] Task 'persist_search_discoveries' served from cache
[2026-06-01T16:44:10.689Z] [INFO] [receipt] Task 'update_concept_index' served from cache
[2026-06-01T16:44:10.689Z] [INFO] [receipt] Task 'compute_readiness_score' served from cache
[2026-06-01T16:44:10.689Z] [INFO] [receipt] Task 'run_security_audit' served from cache
[2026-06-01T16:44:10.689Z] [INFO] [receipt] Task 'perform_system_backup' served from cache
[2026-06-01T16:44:10.690Z] [INFO] [receipt] Task 'scan_for_threats' served from cache
[2026-06-01T16:44:10.690Z] [INFO] [receipt] Task 'verify_data_integrity' served from cache
[2026-06-01T16:44:10.690Z] [INFO] [receipt] Task 'send_checkpoint_email' served from cache
[2026-06-01T16:44:10.690Z] [INFO] [receipt] Stage 'Receipt' completed
[2026-06-01T16:44:10.690Z] [INFO] [receipt] Checkpoint cp_receipt_1780332250690 saved
[2026-06-01T16:44:10.691Z] [INFO] [distiller] Stage 'Distiller' started
[2026-06-01T16:44:10.691Z] [INFO] [distiller] Task 'extract_execution_trace' served from cache
[2026-06-01T16:44:10.691Z] [INFO] [distiller] Task 'identify_decision_points' served from cache
[2026-06-01T16:44:10.691Z] [INFO] [distiller] Task 'compress_to_tier1_recipe' served from cache
[2026-06-01T16:44:10.691Z] [INFO] [distiller] Task 'compress_to_tier2_recipe' served from cache
[2026-06-01T16:44:10.691Z] [INFO] [distiller] Task 'synthesize_tier3_meta_recipe' served from cache
[2026-06-01T16:44:10.691Z] [INFO] [distiller] Task 'score_recipe_quality' served from cache
[2026-06-01T16:44:10.691Z] [INFO] [distiller] Task 'store_recipe_in_skills' served from cache
[2026-06-01T16:44:10.691Z] [INFO] [distiller] Task 'update_skill_manifest' served from cache
[2026-06-01T16:44:10.691Z] [INFO] [distiller] Task 'feed_recipes_to_memory' served from cache
[2026-06-01T16:44:10.691Z] [INFO] [distiller] Task 'emit_distillation_metrics' served from cache
[2026-06-01T16:44:10.691Z] [INFO] [distiller] Task 'check_recipe_determinism' served from cache
[2026-06-01T16:44:10.691Z] [INFO] [distiller] Task 'archive_trace_to_cold_storage' served from cache
[2026-06-01T16:44:10.691Z] [INFO] [distiller] Stage 'Distiller' completed
[2026-06-01T16:44:10.692Z] [INFO] [distiller] Checkpoint cp_distiller_1780332250691 saved
[2026-06-01T16:44:10.692Z] [INFO] [distiller] Pipeline run run_1780332250670_5e63e4 finished: completed
[2026-06-01T16:44:10.695Z] [INFO] [system] Pipeline run run_1780332250695_c76831 started
[2026-06-01T16:44:10.695Z] [INFO] [channel-entry] Stage 'Channel Entry' started
[2026-06-01T16:44:10.695Z] [INFO] [channel-entry] Task 'sync_cross_device_context' served from cache
[2026-06-01T16:44:10.695Z] [INFO] [channel-entry] Task 'determine_launch_mode' served from cache
[2026-06-01T16:44:10.695Z] [INFO] [channel-entry] Task 'scan_3d_persistent_vector_storage' served from cache
[2026-06-01T16:44:10.695Z] [INFO] [channel-entry] Task 'resolve_channel_and_identity' served from cache
[2026-06-01T16:44:10.695Z] [INFO] [channel-entry] Task 'route_to_pipeline_branch' served from cache
[2026-06-01T16:44:10.696Z] [INFO] [channel-entry] Stage 'Channel Entry' completed
[2026-06-01T16:44:10.696Z] [INFO] [recon] Stage 'Reconnaissance & Deep Scan' started
[2026-06-01T16:44:10.696Z] [INFO] [recon] Task 'scan_codebase_state' served from cache
[2026-06-01T16:44:10.696Z] [INFO] [recon] Task 'scan_config_drift' served from cache
[2026-06-01T16:44:10.696Z] [INFO] [recon] Task 'scan_service_health_matrix' served from cache
[2026-06-01T16:44:10.696Z] [INFO] [recon] Task 'scan_attack_surface' served from cache
[2026-06-01T16:44:10.696Z] [INFO] [recon] Task 'scan_dependency_freshness' served from cache
[2026-06-01T16:44:10.696Z] [INFO] [recon] Task 'scan_vector_memory_density' served from cache
[2026-06-01T16:44:10.696Z] [INFO] [recon] Task 'scan_resource_utilization' served from cache
[2026-06-01T16:44:10.696Z] [INFO] [recon] Task 'scan_cost_trajectory' served from cache
[2026-06-01T16:44:10.696Z] [INFO] [recon] Task 'build_environment_map' served from cache
[2026-06-01T16:44:10.696Z] [INFO] [recon] Stage 'Reconnaissance & Deep Scan' completed
[2026-06-01T16:44:10.697Z] [INFO] [recon] Checkpoint cp_recon_1780332250696 saved
[2026-06-01T16:44:10.697Z] [INFO] [intake] Stage 'Intake' started
[2026-06-01T16:44:10.697Z] [INFO] [intake] Task 'ingest_news_feeds' served from cache
[2026-06-01T16:44:10.697Z] [INFO] [intake] Task 'ingest_repo_changes' served from cache
[2026-06-01T16:44:10.697Z] [INFO] [intake] Task 'ingest_external_apis' served from cache
[2026-06-01T16:44:10.697Z] [INFO] [intake] Task 'ingest_health_metrics' served from cache
[2026-06-01T16:44:10.697Z] [INFO] [intake] Task 'ingest_channel_events' served from cache
[2026-06-01T16:44:10.697Z] [INFO] [intake] Task 'ingest_connection_health' served from cache
[2026-06-01T16:44:10.697Z] [INFO] [intake] Task 'ingest_system_state' served from cache
[2026-06-01T16:44:10.697Z] [INFO] [intake] Task 'ingest_resource_usage' served from cache
[2026-06-01T16:44:10.697Z] [INFO] [intake] Task 'ingest_security_logs' served from cache
[2026-06-01T16:44:10.697Z] [INFO] [intake] Task 'ingest_public_domain_patterns' served from cache
[2026-06-01T16:44:10.697Z] [INFO] [intake] Task 'retrieve_3d_vector_context' served from cache
[2026-06-01T16:44:10.697Z] [INFO] [intake] Stage 'Intake' completed
[2026-06-01T16:44:10.698Z] [INFO] [intake] Checkpoint cp_intake_1780332250697 saved
[2026-06-01T16:44:10.698Z] [INFO] [classify] Stage 'Classify' started
[2026-06-01T16:44:10.698Z] [INFO] [classify] Task 'classify_intent' served from cache
[2026-06-01T16:44:10.698Z] [INFO] [classify] Task 'classify_domain' served from cache
[2026-06-01T16:44:10.698Z] [INFO] [classify] Task 'compute_csl_resonance' served from cache
[2026-06-01T16:44:10.698Z] [INFO] [classify] Task 'select_swarm_assignment' served from cache
[2026-06-01T16:44:10.698Z] [INFO] [classify] Task 'check_public_domain_inspiration' served from cache
[2026-06-01T16:44:10.698Z] [INFO] [classify] Stage 'Classify' completed
[2026-06-01T16:44:10.698Z] [INFO] [triage] Stage 'Triage' started
[2026-06-01T16:44:10.698Z] [INFO] [triage] Task 'assign_context_scope' served from cache
[2026-06-01T16:44:10.698Z] [INFO] [triage] Task 'compute_risk_score' served from cache
[2026-06-01T16:44:10.698Z] [INFO] [triage] Task 'select_pipeline_path' served from cache
[2026-06-01T16:44:10.698Z] [INFO] [triage] Task 'estimate_cost_preflight' served from cache
[2026-06-01T16:44:10.698Z] [INFO] [triage] Task 'validate_governance_policies' served from cache
[2026-06-01T16:44:10.698Z] [INFO] [triage] Stage 'Triage' completed
[2026-06-01T16:44:10.698Z] [INFO] [decompose] Stage 'Decompose' started
[2026-06-01T16:44:10.699Z] [INFO] [decompose] Task 'generate_task_graph' served from cache
[2026-06-01T16:44:10.699Z] [INFO] [decompose] Task 'assign_subtask_scope' served from cache
[2026-06-01T16:44:10.699Z] [INFO] [decompose] Task 'allocate_resource_slots' served from cache
[2026-06-01T16:44:10.699Z] [INFO] [decompose] Task 'select_tools_per_subtask' served from cache
[2026-06-01T16:44:10.699Z] [INFO] [decompose] Task 'estimate_subtask_costs' served from cache
[2026-06-01T16:44:10.699Z] [INFO] [decompose] Task 'validate_completion_criteria' served from cache
[2026-06-01T16:44:10.699Z] [INFO] [decompose] Stage 'Decompose' completed
[2026-06-01T16:44:10.700Z] [INFO] [decompose] Checkpoint cp_decompose_1780332250699 saved
[2026-06-01T16:44:10.700Z] [INFO] [trial-and-error] Stage 'Trial & Error Sandbox' started
[2026-06-01T16:44:10.700Z] [INFO] [trial-and-error] Task 'generate_candidate_solutions' served from cache
[2026-06-01T16:44:10.700Z] [INFO] [trial-and-error] Task 'setup_sandbox_environments' served from cache
[2026-06-01T16:44:10.700Z] [INFO] [trial-and-error] Task 'execute_trials_parallel' served from cache
[2026-06-01T16:44:10.700Z] [INFO] [trial-and-error] Task 'measure_trial_outcomes' served from cache
[2026-06-01T16:44:10.700Z] [INFO] [trial-and-error] Task 'compare_trial_results' served from cache
[2026-06-01T16:44:10.700Z] [INFO] [trial-and-error] Task 'select_winner' served from cache
[2026-06-01T16:44:10.700Z] [INFO] [trial-and-error] Task 'record_trial_learnings' served from cache
[2026-06-01T16:44:10.700Z] [INFO] [trial-and-error] Task 'cleanup_sandboxes' served from cache
[2026-06-01T16:44:10.700Z] [INFO] [trial-and-error] Stage 'Trial & Error Sandbox' completed
[2026-06-01T16:44:10.701Z] [INFO] [trial-and-error] Checkpoint cp_trial-and-error_1780332250700 saved
[2026-06-01T16:44:10.701Z] [INFO] [orchestrate] Stage 'Orchestrate' started
[2026-06-01T16:44:10.701Z] [INFO] [orchestrate] Task 'dispatch_subtasks' served from cache
[2026-06-01T16:44:10.701Z] [INFO] [orchestrate] Task 'spawn_bee_workers' served from cache
[2026-06-01T16:44:10.701Z] [INFO] [orchestrate] Task 'route_to_agents' served from cache
[2026-06-01T16:44:10.701Z] [INFO] [orchestrate] Task 'monitor_agent_execution' served from cache
[2026-06-01T16:44:10.701Z] [INFO] [orchestrate] Task 'collect_agent_results' served from cache
[2026-06-01T16:44:10.701Z] [INFO] [orchestrate] Stage 'Orchestrate' completed
[2026-06-01T16:44:10.701Z] [INFO] [orchestrate] Checkpoint cp_orchestrate_1780332250701 saved
[2026-06-01T16:44:10.702Z] [INFO] [monte-carlo] Stage 'Monte Carlo' started
[2026-06-01T16:44:10.702Z] [INFO] [monte-carlo] Task 'run_monte_carlo_simulation' served from cache
[2026-06-01T16:44:10.702Z] [INFO] [monte-carlo] Task 'rank_simulation_outcomes' served from cache
[2026-06-01T16:44:10.702Z] [INFO] [monte-carlo] Task 'prune_low_confidence_paths' served from cache
[2026-06-01T16:44:10.702Z] [INFO] [monte-carlo] Task 'feed_mc_results_to_pattern_engine' served from cache
[2026-06-01T16:44:10.702Z] [INFO] [monte-carlo] Stage 'Monte Carlo' completed
[2026-06-01T16:44:10.703Z] [INFO] [monte-carlo] Checkpoint cp_monte-carlo_1780332250702 saved
[2026-06-01T16:44:10.703Z] [INFO] [arena] Stage 'Arena' started
[2026-06-01T16:44:10.703Z] [INFO] [arena] Task 'generate_candidate_solutions' served from cache
[2026-06-01T16:44:10.703Z] [INFO] [arena] Task 'run_arena_battle' served from cache
[2026-06-01T16:44:10.703Z] [INFO] [arena] Task 'select_arena_winner' served from cache
[2026-06-01T16:44:10.703Z] [INFO] [arena] Task 'record_arena_learnings' served from cache
[2026-06-01T16:44:10.703Z] [INFO] [arena] Stage 'Arena' completed
[2026-06-01T16:44:10.703Z] [INFO] [arena] Checkpoint cp_arena_1780332250703 saved
[2026-06-01T16:44:10.703Z] [INFO] [judge] Stage 'Judge' started
[2026-06-01T16:44:10.704Z] [INFO] [judge] Task 'score_candidate_outputs' served from cache
[2026-06-01T16:44:10.704Z] [INFO] [judge] Task 'apply_confidence_threshold' served from cache
[2026-06-01T16:44:10.704Z] [INFO] [judge] Task 'log_judgement_event' served from cache
[2026-06-01T16:44:10.704Z] [INFO] [judge] Stage 'Judge' completed
[2026-06-01T16:44:10.704Z] [INFO] [judge] Checkpoint cp_judge_1780332250704 saved
[2026-06-01T16:44:10.704Z] [INFO] [approve] Stage 'Approve' started
[2026-06-01T16:44:10.704Z] [INFO] [approve] Task 'evaluate_approval_gate' served from cache
[2026-06-01T16:44:10.704Z] [INFO] [approve] Task 'request_human_approval' served from cache
[2026-06-01T16:44:10.704Z] [INFO] [approve] Task 'resolve_approval_response' served from cache
[2026-06-01T16:44:10.704Z] [INFO] [approve] Stage 'Approve' completed
[2026-06-01T16:44:10.705Z] [INFO] [approve] Checkpoint cp_approve_1780332250704 saved
[2026-06-01T16:44:10.705Z] [INFO] [execute] Stage 'Execute' started
[2026-06-01T16:44:10.705Z] [INFO] [execute] Task 'assess_metacognitive_confidence' served from cache
[2026-06-01T16:44:10.705Z] [INFO] [execute] Task 'execute_final_plan' served from cache
[2026-06-01T16:44:10.705Z] [INFO] [execute] Task 'collect_execution_artifacts' served from cache
[2026-06-01T16:44:10.705Z] [INFO] [execute] Task 'enforce_output_safety' served from cache
[2026-06-01T16:44:10.705Z] [INFO] [execute] Stage 'Execute' completed
[2026-06-01T16:44:10.706Z] [INFO] [execute] Checkpoint cp_execute_1780332250705 saved
[2026-06-01T16:44:10.706Z] [INFO] [verify] Stage 'Verify' started
[2026-06-01T16:44:10.706Z] [INFO] [verify] Task 'evaluate_failures' served from cache
[2026-06-01T16:44:10.706Z] [INFO] [verify] Task 'run_verification_assertions' served from cache
[2026-06-01T16:44:10.706Z] [INFO] [verify] Task 'check_system_integrity' served from cache
[2026-06-01T16:44:10.706Z] [INFO] [verify] Task 'apply_saga_compensation' served from cache
[2026-06-01T16:44:10.706Z] [INFO] [verify] Task 'mc_replan_failed_tasks' served from cache
[2026-06-01T16:44:10.706Z] [INFO] [verify] Task 'retry_recoverable' served from cache
[2026-06-01T16:44:10.706Z] [INFO] [verify] Task 'escalate_unrecoverable' served from cache
[2026-06-01T16:44:10.706Z] [INFO] [verify] Stage 'Verify' completed
[2026-06-01T16:44:10.707Z] [INFO] [verify] Checkpoint cp_verify_1780332250706 saved
[2026-06-01T16:44:10.707Z] [INFO] [self-awareness] Stage 'Self-Awareness Assessment' started
[2026-06-01T16:44:10.707Z] [INFO] [self-awareness] Task 'reflect_on_execution' served from cache
[2026-06-01T16:44:10.707Z] [INFO] [self-awareness] Task 'assess_confidence_calibration' served from cache
[2026-06-01T16:44:10.707Z] [INFO] [self-awareness] Task 'identify_blind_spots' served from cache
[2026-06-01T16:44:10.707Z] [INFO] [self-awareness] Task 'evaluate_cognitive_load' served from cache
[2026-06-01T16:44:10.707Z] [INFO] [self-awareness] Task 'check_assumption_validity' served from cache
[2026-06-01T16:44:10.707Z] [INFO] [self-awareness] Task 'measure_prediction_accuracy' served from cache
[2026-06-01T16:44:10.707Z] [INFO] [self-awareness] Task 'detect_confirmation_bias' served from cache
[2026-06-01T16:44:10.707Z] [INFO] [self-awareness] Task 'assess_knowledge_boundaries' served from cache
[2026-06-01T16:44:10.707Z] [INFO] [self-awareness] Task 'update_self_state_model' served from cache
[2026-06-01T16:44:10.707Z] [INFO] [self-awareness] Task 'log_awareness_snapshot' served from cache
[2026-06-01T16:44:10.707Z] [INFO] [self-awareness] Task 'generate_self_awareness_report' served from cache
[2026-06-01T16:44:10.707Z] [INFO] [self-awareness] Stage 'Self-Awareness Assessment' completed
[2026-06-01T16:44:10.708Z] [INFO] [self-awareness] Checkpoint cp_self-awareness_1780332250707 saved
[2026-06-01T16:44:10.708Z] [INFO] [self-critique] Stage 'Self-Critique' started
[2026-06-01T16:44:10.708Z] [INFO] [self-critique] Task 'record_run_critique' served from cache
[2026-06-01T16:44:10.708Z] [INFO] [self-critique] Task 'diagnose_bottlenecks' served from cache
[2026-06-01T16:44:10.708Z] [INFO] [self-critique] Task 'check_all_connection_health' served from cache
[2026-06-01T16:44:10.708Z] [INFO] [self-critique] Task 'identify_improvement_candidates' served from cache
[2026-06-01T16:44:10.708Z] [INFO] [self-critique] Task 'run_meta_analysis' served from cache
[2026-06-01T16:44:10.708Z] [INFO] [self-critique] Task 'critique_own_output' served from cache
[2026-06-01T16:44:10.708Z] [INFO] [self-critique] Task 'detect_reasoning_biases' served from cache
[2026-06-01T16:44:10.708Z] [INFO] [self-critique] Task 'generate_critique_score' served from cache
[2026-06-01T16:44:10.708Z] [INFO] [self-critique] Task 'identify_system_gaps' served from cache
[2026-06-01T16:44:10.709Z] [INFO] [self-critique] Task 'analyze_resource_waste' served from cache
[2026-06-01T16:44:10.709Z] [INFO] [self-critique] Task 'evaluate_security_posture' served from cache
[2026-06-01T16:44:10.709Z] [INFO] [self-critique] Stage 'Self-Critique' completed
[2026-06-01T16:44:10.709Z] [INFO] [self-critique] Checkpoint cp_self-critique_1780332250709 saved
[2026-06-01T16:44:10.709Z] [INFO] [mistake-analysis] Stage 'Mistake Analysis & Prevention' started
[2026-06-01T16:44:10.709Z] [INFO] [mistake-analysis] Task 'detect_mistakes_in_session' served from cache
[2026-06-01T16:44:10.709Z] [INFO] [mistake-analysis] Task 'catalog_current_run_failures' served from cache
[2026-06-01T16:44:10.710Z] [INFO] [mistake-analysis] Task 'retrieve_historical_failures' served from cache
[2026-06-01T16:44:10.710Z] [INFO] [mistake-analysis] Task 'perform_root_cause_analysis' served from cache
[2026-06-01T16:44:10.710Z] [INFO] [mistake-analysis] Task 'detect_recurring_patterns' served from cache
[2026-06-01T16:44:10.710Z] [INFO] [mistake-analysis] Task 'generate_prevention_rules' served from cache
[2026-06-01T16:44:10.710Z] [INFO] [mistake-analysis] Task 'update_anti_regression_guards' served from cache
[2026-06-01T16:44:10.710Z] [INFO] [mistake-analysis] Task 'compute_mistake_cost' served from cache
[2026-06-01T16:44:10.710Z] [INFO] [mistake-analysis] Task 'update_wisdom_json' served from cache
[2026-06-01T16:44:10.710Z] [INFO] [mistake-analysis] Task 'immunize_pipeline' served from cache
[2026-06-01T16:44:10.710Z] [INFO] [mistake-analysis] Task 'log_mistake_report' served from cache
[2026-06-01T16:44:10.710Z] [INFO] [mistake-analysis] Stage 'Mistake Analysis & Prevention' completed
[2026-06-01T16:44:10.710Z] [INFO] [mistake-analysis] Checkpoint cp_mistake-analysis_1780332250710 saved
[2026-06-01T16:44:10.710Z] [INFO] [optimization-ops] Stage 'Optimization Ops Scanning' started
[2026-06-01T16:44:10.711Z] [INFO] [optimization-ops] Task 'apply_pattern_improvements' served from cache
[2026-06-01T16:44:10.711Z] [INFO] [optimization-ops] Task 'adjust_mc_strategy_weights' served from cache
[2026-06-01T16:44:10.711Z] [INFO] [optimization-ops] Task 'adjust_worker_pool_concurrency' served from cache
[2026-06-01T16:44:10.711Z] [INFO] [optimization-ops] Task 'update_channel_optimizations' served from cache
[2026-06-01T16:44:10.711Z] [INFO] [optimization-ops] Task 'tune_pipeline_parameters' served from cache
[2026-06-01T16:44:10.711Z] [INFO] [optimization-ops] Task 'compress_memory_store' served from cache
[2026-06-01T16:44:10.711Z] [INFO] [optimization-ops] Task 'reconcile_cost_actuals' served from cache
[2026-06-01T16:44:10.711Z] [INFO] [optimization-ops] Task 'profile_service_performance' served from cache
[2026-06-01T16:44:10.711Z] [INFO] [optimization-ops] Task 'detect_dead_code' served from cache
[2026-06-01T16:44:10.711Z] [INFO] [optimization-ops] Task 'detect_unused_services' served from cache
[2026-06-01T16:44:10.711Z] [INFO] [optimization-ops] Task 'detect_unused_endpoints' served from cache
[2026-06-01T16:44:10.711Z] [INFO] [optimization-ops] Task 'analyze_cost_per_request' served from cache
[2026-06-01T16:44:10.711Z] [INFO] [optimization-ops] Task 'detect_over_provisioned' served from cache
[2026-06-01T16:44:10.711Z] [INFO] [optimization-ops] Task 'detect_under_utilized_workers' served from cache
[2026-06-01T16:44:10.711Z] [INFO] [optimization-ops] Task 'detect_redundant_data' served from cache
[2026-06-01T16:44:10.711Z] [INFO] [optimization-ops] Task 'detect_suboptimal_configs' served from cache
[2026-06-01T16:44:10.711Z] [INFO] [optimization-ops] Task 'rank_optimization_impact' served from cache
[2026-06-01T16:44:10.711Z] [INFO] [optimization-ops] Task 'generate_optimization_plan' served from cache
[2026-06-01T16:44:10.711Z] [INFO] [optimization-ops] Task 'apply_optimization_ops_plan' served from cache
[2026-06-01T16:44:10.711Z] [INFO] [optimization-ops] Task 'apply_mistake_prevention_rules' served from cache
[2026-06-01T16:44:10.711Z] [INFO] [optimization-ops] Task 'invalidate_stale_caches' served from cache
[2026-06-01T16:44:10.711Z] [INFO] [optimization-ops] Task 'cleanup_orphaned_resources' served from cache
[2026-06-01T16:44:10.711Z] [INFO] [optimization-ops] Task 'execute_routine_maintenance' served from cache
[2026-06-01T16:44:10.711Z] [INFO] [optimization-ops] Task 'optimize_storage_utilization' served from cache
[2026-06-01T16:44:10.711Z] [INFO] [optimization-ops] Task 'enforce_cost_boundaries' served from cache
[2026-06-01T16:44:10.712Z] [INFO] [optimization-ops] Stage 'Optimization Ops Scanning' completed
[2026-06-01T16:44:10.712Z] [INFO] [optimization-ops] Checkpoint cp_optimization-ops_1780332250712 saved
[2026-06-01T16:44:10.713Z] [INFO] [continuous-search] Stage 'Continuous Search & Discovery' started
[2026-06-01T16:44:10.713Z] [INFO] [continuous-search] Task 'run_continuous_search_queries' served from cache
[2026-06-01T16:44:10.713Z] [INFO] [continuous-search] Task 'index_search_results' served from cache
[2026-06-01T16:44:10.713Z] [INFO] [continuous-search] Task 'emit_knowledge_gap_alerts' served from cache
[2026-06-01T16:44:10.713Z] [INFO] [continuous-search] Task 'search_new_tools_and_libraries' served from cache
[2026-06-01T16:44:10.713Z] [INFO] [continuous-search] Task 'search_ai_research_papers' served from cache
[2026-06-01T16:44:10.713Z] [INFO] [continuous-search] Task 'search_competitor_innovations' served from cache
[2026-06-01T16:44:10.713Z] [INFO] [continuous-search] Task 'search_security_advisories' served from cache
[2026-06-01T16:44:10.713Z] [INFO] [continuous-search] Task 'search_performance_techniques' served from cache
[2026-06-01T16:44:10.713Z] [INFO] [continuous-search] Task 'search_architecture_patterns' served from cache
[2026-06-01T16:44:10.713Z] [INFO] [continuous-search] Task 'evaluate_discoveries' served from cache
[2026-06-01T16:44:10.713Z] [INFO] [continuous-search] Task 'absorb_high_value_findings' served from cache
[2026-06-01T16:44:10.713Z] [INFO] [continuous-search] Task 'propose_integrations' served from cache
[2026-06-01T16:44:10.713Z] [INFO] [continuous-search] Stage 'Continuous Search & Discovery' completed
[2026-06-01T16:44:10.713Z] [INFO] [continuous-search] Checkpoint cp_continuous-search_1780332250713 saved
[2026-06-01T16:44:10.714Z] [INFO] [evolution] Stage 'Evolution & Mutation' started
[2026-06-01T16:44:10.714Z] [INFO] [evolution] Task 'simulate_evolved_strategies' served from cache
[2026-06-01T16:44:10.714Z] [INFO] [evolution] Task 'select_evolution_candidates' served from cache
[2026-06-01T16:44:10.714Z] [INFO] [evolution] Task 'commit_evolution_deltas' served from cache
[2026-06-01T16:44:10.714Z] [INFO] [evolution] Task 'analyze_evolution_candidates' served from cache
[2026-06-01T16:44:10.714Z] [INFO] [evolution] Task 'generate_mutations' served from cache
[2026-06-01T16:44:10.714Z] [INFO] [evolution] Task 'measure_mutation_fitness' served from cache
[2026-06-01T16:44:10.714Z] [INFO] [evolution] Task 'select_beneficial_mutations' served from cache
[2026-06-01T16:44:10.714Z] [INFO] [evolution] Task 'promote_to_config' served from cache
[2026-06-01T16:44:10.714Z] [INFO] [evolution] Task 'record_evolution_history' served from cache
[2026-06-01T16:44:10.714Z] [INFO] [evolution] Task 'update_mutation_strategy' served from cache
[2026-06-01T16:44:10.714Z] [INFO] [evolution] Stage 'Evolution & Mutation' completed
[2026-06-01T16:44:10.715Z] [INFO] [evolution] Checkpoint cp_evolution_1780332250714 saved
[2026-06-01T16:44:10.715Z] [INFO] [receipt] Stage 'Receipt' started
[2026-06-01T16:44:10.715Z] [INFO] [receipt] Task 'persist_results' served from cache
[2026-06-01T16:44:10.715Z] [INFO] [receipt] Task 'sync_registry_and_docs' served from cache
[2026-06-01T16:44:10.715Z] [INFO] [receipt] Task 'validate_notebook_integrity' served from cache
[2026-06-01T16:44:10.715Z] [INFO] [receipt] Task 'check_doc_owner_freshness' served from cache
[2026-06-01T16:44:10.715Z] [INFO] [receipt] Task 'record_pipeline_improvements' served from cache
[2026-06-01T16:44:10.715Z] [INFO] [receipt] Task 'log_run_config_hash' served from cache
[2026-06-01T16:44:10.715Z] [INFO] [receipt] Task 'feed_stage_timing_to_mc' served from cache
[2026-06-01T16:44:10.715Z] [INFO] [receipt] Task 'feed_task_timing_to_patterns' served from cache
[2026-06-01T16:44:10.715Z] [INFO] [receipt] Task 'publish_metrics_to_channels' served from cache
[2026-06-01T16:44:10.715Z] [INFO] [receipt] Task 'check_cross_channel_seamlessness' served from cache
[2026-06-01T16:44:10.715Z] [INFO] [receipt] Task 'propose_micro_upgrades' served from cache
[2026-06-01T16:44:10.715Z] [INFO] [receipt] Task 'archive_run_to_history' served from cache
[2026-06-01T16:44:10.715Z] [INFO] [receipt] Task 'sign_pipeline_receipt' served from cache
[2026-06-01T16:44:10.715Z] [INFO] [receipt] Task 'emit_response_to_caller' served from cache
[2026-06-01T16:44:10.715Z] [INFO] [receipt] Task 'close_session_log' served from cache
[2026-06-01T16:44:10.715Z] [INFO] [receipt] Task 'persist_evolution_outcomes' served from cache
[2026-06-01T16:44:10.715Z] [INFO] [receipt] Task 'persist_mistake_learnings' served from cache
[2026-06-01T16:44:10.715Z] [INFO] [receipt] Task 'persist_search_discoveries' served from cache
[2026-06-01T16:44:10.715Z] [INFO] [receipt] Task 'update_concept_index' served from cache
[2026-06-01T16:44:10.715Z] [INFO] [receipt] Task 'compute_readiness_score' served from cache
[2026-06-01T16:44:10.715Z] [INFO] [receipt] Task 'run_security_audit' served from cache
[2026-06-01T16:44:10.715Z] [INFO] [receipt] Task 'perform_system_backup' served from cache
[2026-06-01T16:44:10.715Z] [INFO] [receipt] Task 'scan_for_threats' served from cache
[2026-06-01T16:44:10.716Z] [INFO] [receipt] Task 'verify_data_integrity' served from cache
[2026-06-01T16:44:10.716Z] [INFO] [receipt] Task 'send_checkpoint_email' served from cache
[2026-06-01T16:44:10.716Z] [INFO] [receipt] Stage 'Receipt' completed
[2026-06-01T16:44:10.716Z] [INFO] [receipt] Checkpoint cp_receipt_1780332250716 saved
[2026-06-01T16:44:10.716Z] [INFO] [distiller] Stage 'Distiller' started
[2026-06-01T16:44:10.716Z] [INFO] [distiller] Task 'extract_execution_trace' served from cache
[2026-06-01T16:44:10.716Z] [INFO] [distiller] Task 'identify_decision_points' served from cache
[2026-06-01T16:44:10.716Z] [INFO] [distiller] Task 'compress_to_tier1_recipe' served from cache
[2026-06-01T16:44:10.716Z] [INFO] [distiller] Task 'compress_to_tier2_recipe' served from cache
[2026-06-01T16:44:10.716Z] [INFO] [distiller] Task 'synthesize_tier3_meta_recipe' served from cache
[2026-06-01T16:44:10.716Z] [INFO] [distiller] Task 'score_recipe_quality' served from cache
[2026-06-01T16:44:10.716Z] [INFO] [distiller] Task 'store_recipe_in_skills' served from cache
[2026-06-01T16:44:10.716Z] [INFO] [distiller] Task 'update_skill_manifest' served from cache
[2026-06-01T16:44:10.717Z] [INFO] [distiller] Task 'feed_recipes_to_memory' served from cache
[2026-06-01T16:44:10.717Z] [INFO] [distiller] Task 'emit_distillation_metrics' served from cache
[2026-06-01T16:44:10.717Z] [INFO] [distiller] Task 'check_recipe_determinism' served from cache
[2026-06-01T16:44:10.717Z] [INFO] [distiller] Task 'archive_trace_to_cold_storage' served from cache
[2026-06-01T16:44:10.717Z] [INFO] [distiller] Stage 'Distiller' completed
[2026-06-01T16:44:10.717Z] [INFO] [distiller] Checkpoint cp_distiller_1780332250717 saved
[2026-06-01T16:44:10.717Z] [INFO] [distiller] Pipeline run run_1780332250695_c76831 finished: completed
